序号,sector,行业指数,pct_change,inflow,outflow,main_net_inflow,stock_count,top_stock,top_stock_pct,当前价,main_net_inflow_pct,fetch_time
1,高压快充,2203.29,-0.46,36987000000.0,40368000000.0,-3381000000.0,122,特锐德,9.09,32.99,,2026-05-12 14:37:08
2,钒电池,1605.31,-0.47,6739000000.0,7215000000.000001,-476000000.0,37,双杰电气,9.07,17.56,,2026-05-12 14:37:08
3,光伏概念,4986.11,-0.47,145646000000.0,157275000000.0,-11629000000.0,592,通光线缆,20.0,23.22,,2026-05-12 14:37:08
4,BC电池,1458.07,-0.47,16478000000.0,17477000000.0,-999000000.0,50,福达合金,8.3,74.02,,2026-05-12 14:37:08
5,科创次新股,803.206,-0.48,7286000000.0,8629000000.0,-1343000000.0,23,恒运昌,9.34,410.01,,2026-05-12 14:37:08
6,期货概念,1918.01,-0.55,17546000000.0,18553000000.0,-1007000000.0,71,长城证券,6.43,9.76,,2026-05-12 14:37:08
7,光热发电,1193.74,-0.56,7000000000.0,6630000000.0,370000000.0,48,新风光,12.31,76.11,,2026-05-12 14:37:08
8,空气能热泵,1668.95,-0.56,7619000000.0,8906000000.0,-1286000000.0,54,迪贝电气,10.0,26.29,,2026-05-12 14:37:08
9,芯片概念,5312.48,-0.57,389340000000.0,423668000000.0,-34327000000.0,874,科翔股份,19.23,72.37,,2026-05-12 14:37:08
10,储能,2886.06,-0.58,194810000000.0,224117000000.0,-29307000000.0,856,科翔股份,19.23,72.37,,2026-05-12 14:37:08
11,碳交易,1158.49,-0.6,18675000000.0,21155000000.0,-2481000000.0,117,康欣新材,10.1,4.36,,2026-05-12 14:37:08
12,传感器,1781.43,-0.6,56188000000.0,65410000000.0,-9222000000.0,264,光莆股份,15.23,28.82,,2026-05-12 14:37:08
13,数据中心,2655.08,-0.61,278424000000.0,308412000000.0,-29988000000.0,606,科翔股份,19.23,72.37,,2026-05-12 14:37:08
14,雅下水电概念,1481.09,-0.61,18127000000.0,21255000000.0,-3128000000.0,89,品茗科技,14.07,106.79,,2026-05-12 14:37:08
15,富士康概念,3833.05,-0.62,41802000000.0,48167000000.0,-6364000000.0,106,光莆股份,15.23,28.82,,2026-05-12 14:37:08
16,AI眼镜,2883.48,-0.66,75205000000.0,80388000000.0,-5183000000.0,184,光莆股份,15.23,28.82,,2026-05-12 14:37:08
17,超导概念,2903.84,-0.67,13913000000.0,17181000000.0,-3268000000.0,32,远东股份,9.99,22.9,,2026-05-12 14:37:08
18,工业母机,2230.24,-0.67,25140000000.0,29395000000.0,-4256000000.0,111,欧科亿,11.8,110.2,,2026-05-12 14:37:08
19,PPP概念,1015.59,-0.68,17902000000.0,22577000000.0,-4676000000.0,200,花王股份,10.07,7.65,,2026-05-12 14:37:08
20,海峡两岸,2077.15,-0.68,76766000000.0,87776000000.0,-11010000000.0,315,唯科科技,16.55,148.3,,2026-05-12 14:37:08
21,光刻胶,4988.02,-0.69,15053000000.0,16837000000.0,-1784000000.0,74,芯源微,15.03,272.01,,2026-05-12 14:37:08
22,减速器,2186.08,-0.7,22595000000.0,25088000000.0,-2493000000.0,134,韶能股份,10.07,8.09,,2026-05-12 14:37:08
23,中韩自贸区,2552.66,-0.71,990000000.0,1289000000.0,-299000000.0,17,ST新华锦,5.05,6.66,,2026-05-12 14:37:08
24,华为海思概念股,4513.47,-0.71,20605000000.0,24837000000.0,-4232000000.0,50,芯源微,15.03,272.01,,2026-05-12 14:37:08
25,新型城镇化,1454.91,-0.71,16591999999.999998,19152000000.0,-2559000000.0,218,工大科雅,19.99,40.64,,2026-05-12 14:37:08
26,核电,4627.5,-0.71,69820000000.0,78617000000.0,-8797000000.0,341,南风股份,19.97,16.22,,2026-05-12 14:37:08
27,土地流转,2251.8,-0.72,2514000000.0,3411000000.0,-898000000.0,42,康欣新材,10.1,4.36,,2026-05-12 14:37:08
28,6G概念,2854.52,-0.73,59829000000.0,69922000000.0,-10092000000.0,95,东田微,10.35,254.0,,2026-05-12 14:37:08
29,高铁,4142.67,-0.73,21490000000.0,25534000000.0,-4044000000.0,179,众合科技,10.02,10.76,,2026-05-12 14:37:08
30,汽车电子,6136.04,-0.74,153330000000.0,170500000000.0,-17169999999.999998,381,科翔股份,19.23,72.37,,2026-05-12 14:37:08
31,沪股通,2601.63,-0.74,319509000000.0,358529000000.0,-39020000000.0,1524,芯源微,15.03,272.01,,2026-05-12 14:37:08
32,毫米波雷达,2307.92,-0.75,45883000000.0,49911000000.0,-4028000000.0,125,科翔股份,19.23,72.37,,2026-05-12 14:37:08
33,长安汽车概念,1802.2,-0.76,39916000000.0,48372000000.0,-8456000000.0,452,吴通控股,13.23,6.93,,2026-05-12 14:37:08
34,物业管理,1303.29,-0.77,11913000000.0,14606000000.0,-2693000000.0,178,品茗科技,14.07,106.79,,2026-05-12 14:37:08
35,华为手机,1875.13,-0.77,19217000000.0,20801000000.0,-1584000000.0,45,东田微,10.35,254.0,,2026-05-12 14:37:08
36,血氧仪,1796.08,-0.78,3521000000.0,3322000000.0,199000000.0,24,科翔股份,19.23,72.37,,2026-05-12 14:37:08
37,股权转让(并购重组),1215.64,-0.78,62745000000.00001,73509000000.0,-10764000000.0,920,线上线下,20.0,111.49,,2026-05-12 14:37:08
38,新能源汽车,5264.75,-0.79,222260000000.0,259571000000.0,-37312000000.0,1034,科翔股份,19.23,72.37,,2026-05-12 14:37:08
39,苹果概念,6484.54,-0.79,61852000000.0,71211000000.0,-9359000000.0,138,百邦科技,12.35,45.12,,2026-05-12 14:37:08
40,新股与次新股,17914.8,-0.79,15613000000.0,18466000000.0,-2852000000.0,131,振宏股份,13.36,79.66,,2026-05-12 14:37:08
41,黄金概念,4141.62,-0.8,30052000000.0,30263000000.0,-211000000.0,81,宝鼎科技,9.99,33.46,,2026-05-12 14:37:08
42,智能穿戴,4793.51,-0.8,87645000000.0,101013000000.0,-13368000000.0,235,光莆股份,15.23,28.82,,2026-05-12 14:37:08
43,汽车热管理,2425.89,-0.8,22955000000.0,26752000000.0,-3797000000.0,137,吴通控股,13.23,6.93,,2026-05-12 14:37:08
44,露营经济,1838.23,-0.81,2588000000.0,3118000000.0,-530999999.99999994,55,双枪科技,10.0,53.55,,2026-05-12 14:37:08
45,液冷服务器,2430.92,-0.82,104016000000.00002,118110999999.99998,-14094999999.999998,201,海鸥股份,10.02,20.42,,2026-05-12 14:37:08
46,新型烟草(电子烟),2234.75,-0.82,13433000000.000002,16309000000.0,-2876000000.0,53,唯科科技,16.55,148.3,,2026-05-12 14:37:08
47,特斯拉概念,6342.01,-0.83,82910000000.0,100133000000.0,-17223000000.0,247,华瑞股份,13.15,33.38,,2026-05-12 14:37:08
48,央企国企改革,3458.36,-0.83,86199000000.0,100273000000.0,-14074000000.0,788,重药控股,10.02,6.81,,2026-05-12 14:37:08
49,专精特新,1852.24,-0.83,163343000000.0,180719000000.0,-17376000000.0,1179,工大科雅,19.99,40.64,,2026-05-12 14:37:08
50,冰雪产业,1533.96,-0.83,5612000000.0,5474000000.0,137000000.0,59,华策影视,14.55,10.08,,2026-05-12 14:37:08
51,AI手机,2254.32,-0.84,36690000000.0,42330000000.0,-5640000000.0,38,力芯微,8.41,62.88,,2026-05-12 14:37:08
52,国企改革,1568.67,-0.84,226085000000.0,265483000000.0,-39398000000.0,2922,南风股份,19.97,16.22,,2026-05-12 14:37:08
53,家用电器,4550.72,-0.86,29698000000.0,38014000000.0,-8316000000.0,178,唯科科技,16.55,148.3,,2026-05-12 14:37:08
54,人形机器人,2734.71,-0.86,108772000000.0,131151000000.0,-22379000000.0,435,光莆股份,15.23,28.82,,2026-05-12 14:37:08
55,同花顺出海50,1967.79,-0.86,47777000000.0,58284000000.0,-10507000000.0,50,金诚信,3.63,67.36,,2026-05-12 14:37:08
56,旅游概念,3057.6,-0.86,13768000000.0,16555000000.000002,-2787000000.0,150,华策影视,14.55,10.08,,2026-05-12 14:37:08
57,中字头股票,1973.07,-0.86,36804000000.0,42154000000.0,-5350000000.0,133,中材节能,7.7,9.09,,2026-05-12 14:37:08
58,垃圾分类,2079.9,-0.87,7079000000.000001,9212000000.0,-2132999999.9999998,98,汉邦高科,19.98,11.47,,2026-05-12 14:37:08
59,MCU芯片,1875.87,-0.87,31637000000.0,34557000000.0,-2920000000.0,93,特锐德,9.09,32.99,,2026-05-12 14:37:08
60,福建自贸区,1830.12,-0.87,26187000000.0,29712000000.0,-3524000000.0,127,唯科科技,16.55,148.3,,2026-05-12 14:37:08
61,换电概念,1846.21,-0.88,20205000000.0,25124000000.0,-4920000000.0,93,双杰电气,9.07,17.56,,2026-05-12 14:37:08
62,共享单车,1260.16,-0.88,816000000.0,1023000000.0,-206999999.99999997,12,永安行,4.48,21.45,,2026-05-12 14:37:08
63,可控核聚变,2650.1,-0.89,34937000000.0,39343000000.0,-4407000000.0,111,新风光,12.31,76.11,,2026-05-12 14:37:08
64,华为汽车,3350.4,-0.89,36264000000.0,44426000000.0,-8162000000.0,172,成飞集成,10.01,33.2,,2026-05-12 14:37:08
65,锂电池概念,2220.77,-0.89,152324000000.0,176859000000.0,-24534000000.0,590,科翔股份,19.23,72.37,,2026-05-12 14:37:08
66,化债概念(AMC概念),1256.17,-0.9,2418000000.0,3561999999.9999995,-1143000000.0,42,*ST高科,5.05,11.45,,2026-05-12 14:37:08
67,比亚迪概念,2193.22,-0.91,140119000000.0,160934000000.0,-20814000000.0,667,科翔股份,19.23,72.37,,2026-05-12 14:37:08
68,医疗废物处理,1612.84,-0.91,2037000000.0,2416000000.0,-379000000.0,43,*ST宝馨,4.89,3.22,,2026-05-12 14:37:08
69,横琴新区,2186.03,-0.92,4438000000.0,5645000000.0,-1207000000.0,43,ST棕榈,5.29,1.79,,2026-05-12 14:37:08
70,军民融合,1853.08,-0.92,45169000000.0,53921000000.0,-8752000000.0,245,通光线缆,20.0,23.22,,2026-05-12 14:37:08
71,无人机,3519.02,-0.92,87671000000.0,104796000000.0,-17126000000.0,455,科翔股份,19.23,72.37,,2026-05-12 14:37:08
72,证金持股,1213.38,-0.92,69184000000.0,82127000000.0,-12943000000.0,192,深振业A,10.0,10.45,,2026-05-12 14:37:08
73,机器视觉,2188.94,-0.93,45054000000.0,50582000000.0,-5528000000.0,246,品茗科技,14.07,106.79,,2026-05-12 14:37:08
74,HJT电池,3642.61,-0.93,17855000000.0,19239000000.0,-1384000000.0,65,福达合金,8.3,74.02,,2026-05-12 14:37:08
75,黑龙江自贸区,1927.82,-0.93,2700000000.0,3567000000.0,-867000000.0,36,ST京蓝,5.04,6.25,,2026-05-12 14:37:08
76,军工,2752.7,-0.94,124024000000.0,145982000000.0,-21958000000.0,602,通光线缆,20.0,23.22,,2026-05-12 14:37:08
77,消费电子概念,3481.46,-0.94,149353000000.0,168578000000.0,-19225000000.0,479,科翔股份,19.23,72.37,,2026-05-12 14:37:08
78,柔性屏(折叠屏),3495.24,-0.94,32907000000.0,38124000000.0,-5218000000.0,106,光莆股份,15.23,28.82,,2026-05-12 14:37:08
79,海工装备,4252.61,-0.94,66624000000.0,77489000000.0,-10865000000.0,270,通光线缆,20.0,23.22,,2026-05-12 14:37:08
80,医美概念,1409.82,-0.94,7908000000.0,9546000000.0,-1638000000.0,94,光莆股份,15.23,28.82,,2026-05-12 14:37:08
81,长三角一体化,2192.57,-0.95,34610000000.0,40640000000.0,-6029000000.0,258,金螳螂,10.07,7.98,,2026-05-12 14:37:08
82,安防,5464.79,-0.95,25768000000.0,32949000000.0,-7180000000.0,174,汉邦高科,19.98,11.47,,2026-05-12 14:37:08
83,机器人概念,4451.28,-0.96,231764000000.0,274739000000.0,-42975000000.0,1178,通光线缆,20.0,23.22,,2026-05-12 14:37:08
84,一体化压铸,1373.69,-0.96,5777000000.0,7573000000.0,-1796000000.0,54,永茂泰,4.83,14.76,,2026-05-12 14:37:08
85,固态电池,1681.26,-0.96,79321000000.0,97928000000.0,-18607000000.0,291,光莆股份,15.23,28.82,,2026-05-12 14:37:08
86,PEEK材料,2254.76,-0.97,10623000000.0,11805000000.0,-1182000000.0,52,唯科科技,16.55,148.3,,2026-05-12 14:37:08
87,2025年报预增,1263.96,-0.97,175025000000.0,198110000000.0,-23085000000.0,504,宏裕包材,13.95,25.98,,2026-05-12 14:37:08
88,白酒概念,6751.85,-0.97,6076000000.0,9013000000.0,-2937000000.0,49,来伊份,7.29,19.87,,2026-05-12 14:37:08
89,宁德时代概念,2625.46,-0.97,77574000000.0,91000000000.0,-13426000000.0,284,快克智能,10.01,55.94,,2026-05-12 14:37:08
90,融资融券,2002.27,-0.98,784658000000.0,900216000000.0,-115558000000.0,3772,通光线缆,20.0,23.22,,2026-05-12 14:37:08
91,回购增持再贷款概念,1634.22,-1.0,95989000000.0,121197000000.0,-25208000000.0,481,工大科雅,19.99,40.64,,2026-05-12 14:37:08
92,无人驾驶,3247.32,-1.0,115680000000.0,127322000000.0,-11642000000.0,400,光莆股份,15.23,28.82,,2026-05-12 14:37:08
93,小米汽车,1819.02,-1.0,29300000000.0,34616000000.0,-5316000000.0,118,凯众股份,10.0,15.62,,2026-05-12 14:37:08
94,可降解塑料,1658.62,-1.0,5171000000.0,6164000000.0,-992000000.0,164,金丹科技,9.99,19.59,,2026-05-12 14:37:08
95,创投,3865.87,-1.01,100010000000.0,115863000000.00002,-15853000000.0,461,京投发展,10.03,20.85,,2026-05-12 14:37:08
96,同花顺漂亮100,916.284,-1.01,88409000000.0,108546000000.0,-20137000000.0,100,TCL中环,5.72,9.61,,2026-05-12 14:37:08
97,数字孪生,2133.15,-1.01,27352999999.999996,34976000000.0,-7622000000.0,195,品茗科技,14.07,106.79,,2026-05-12 14:37:08
98,雄安新区,1293.05,-1.02,23684000000.0,28602000000.0,-4918000000.0,196,工大科雅,19.99,40.64,,2026-05-12 14:37:08
99,摘帽,1089.05,-1.02,9091000000.0,9753000000.0,-663000000.0,46,行云科技,10.56,25.65,,2026-05-12 14:37:08
100,NFT概念,1954.77,-1.03,11141000000.0,13122999999.999998,-1982000000.0,71,华策影视,14.55,10.08,,2026-05-12 14:37:08
101,可燃冰,1766.69,-1.03,1002999999.9999999,1505000000.0,-501999999.99999994,14,海默科技,4.34,13.21,,2026-05-12 14:37:08
102,智能座舱,1819.94,-1.04,54291000000.0,60961000000.0,-6670999999.999999,168,吴通控股,13.23,6.93,,2026-05-12 14:37:08
103,华为概念,3922.99,-1.04,257150000000.0,299376000000.0,-42227000000.0,1001,线上线下,20.0,111.49,,2026-05-12 14:37:08
104,水利,2798.73,-1.04,36492000000.0,42805000000.0,-6313000000.0,259,品茗科技,14.07,106.79,,2026-05-12 14:37:08
105,小米概念,2290.21,-1.05,107921000000.0,124098000000.0,-16177000000.000002,370,科翔股份,19.23,72.37,,2026-05-12 14:37:08
106,拼多多概念,1917.1,-1.05,3924000000.0,4883000000.0,-959000000.0,40,线上线下,20.0,111.49,,2026-05-12 14:37:08
107,MR(混合现实),1956.08,-1.06,23593000000.0,26019000000.0,-2426000000.0,70,佳创视讯,10.41,10.18,,2026-05-12 14:37:08
108,毛发医疗,1166.31,-1.06,946000000.0000001,1450000000.0,-503000000.0,26,ST能特,4.82,2.61,,2026-05-12 14:37:08
109,量子科技,2875.38,-1.06,48844000000.0,58794000000.00001,-9950000000.0,109,必创科技,8.36,21.0,,2026-05-12 14:37:08
110,共同富裕示范区,1683.62,-1.06,15365000000.0,19154000000.0,-3789000000.0,185,品茗科技,14.07,106.79,,2026-05-12 14:37:08
111,知识产权保护,1954.86,-1.06,5703000000.0,6010000000.0,-307000000.0,51,汉邦高科,19.98,11.47,,2026-05-12 14:37:08
112,2026一季报预增,1285.85,-1.07,46571000000.0,58679999999.99999,-12109000000.0,101,欧科亿,11.8,110.2,,2026-05-12 14:37:08
113,参股券商,1616.76,-1.07,11381000000.0,15026000000.0,-3644000000.0,232,北京利尔,5.8,10.57,,2026-05-12 14:37:08
114,超级品牌,1535.28,-1.07,9092000000.0,13694999999.999998,-4603000000.0,48,养元饮品,1.76,43.4,,2026-05-12 14:37:08
115,地下管网,1456.8,-1.07,5437000000.0,6659000000.0,-1223000000.0,106,君逸数码,6.97,36.69,,2026-05-12 14:37:08
116,C2M概念,2135.06,-1.08,2500000000.0,3068000000.0,-568000000.0,39,赛意信息,5.2,31.77,,2026-05-12 14:37:08
117,西部大开发,2034.77,-1.08,104457000000.0,118616000000.00002,-14159000000.0,632,重药控股,10.02,6.81,,2026-05-12 14:37:08
118,蚂蚁集团概念,1776.2,-1.09,10813000000.0,14176000000.0,-3363000000.0000005,80,工大科雅,19.99,40.64,,2026-05-12 14:37:08
119,一带一路,2703.27,-1.09,120683000000.0,144700000000.0,-24017000000.0,768,南风股份,19.97,16.22,,2026-05-12 14:37:08
120,空间计算,1437.47,-1.09,5212000000.0,7105000000.0,-1893000000.0,62,佳创视讯,10.41,10.18,,2026-05-12 14:37:08
121,环氧丙烷,1688.48,-1.1,2877000000.0,3365999999.9999995,-488999999.99999994,26,卫星化学,2.35,27.48,,2026-05-12 14:37:08
122,减肥药,1411.47,-1.1,11734000000.0,11713000000.0,22000000.0,62,重药控股,10.02,6.81,,2026-05-12 14:37:08
123,文化传媒概念,3104.02,-1.1,20094000000.0,25024000000.0,-4930000000.0,197,线上线下,20.0,111.49,,2026-05-12 14:37:08
124,小红书概念,1735.7,-1.1,9837000000.0,13352000000.000002,-3515000000.0,54,线上线下,20.0,111.49,,2026-05-12 14:37:08
125,物联网,3390.44,-1.1,105114000000.00002,125195000000.0,-20081000000.0,460,海川智能,14.86,78.39,,2026-05-12 14:37:08
126,参股银行,1617.41,-1.11,17313000000.0,23281000000.0,-5968000000.0,764,金丹科技,9.99,19.59,,2026-05-12 14:37:08
127,深股通,1473.66,-1.12,460788000000.0,537187000000.0,-76398000000.0,1711,线上线下,20.0,111.49,,2026-05-12 14:37:08
128,华为欧拉,1690.18,-1.12,7742000000.0,10262000000.0,-2521000000.0,46,正元地信,6.01,4.94,,2026-05-12 14:37:08
129,养老概念,2361.51,-1.13,15059000000.0,19710000000.0,-4651000000.0,218,唯科科技,16.55,148.3,,2026-05-12 14:37:08
130,供销社,1187.82,-1.13,755000000.0,915000000.0,-160000000.0,15,湖南发展,2.88,15.03,,2026-05-12 14:37:08
131,房屋检测,1858.1,-1.13,1807999999.9999998,2139000000.0,-332000000.0,46,苏博特,8.01,14.43,,2026-05-12 14:37:08
132,商业航天,2592.92,-1.13,139492000000.0,164119000000.0,-24627000000.0,493,通光线缆,20.0,23.22,,2026-05-12 14:37:08
133,有机硅概念,2210.11,-1.13,6278000000.0,7298000000.0,-1019999999.9999999,51,金三江,8.1,16.15,,2026-05-12 14:37:08
134,固废处理,2475.2,-1.14,12991000000.0,16800000000.0,-3809000000.0000005,153,中材节能,7.7,9.09,,2026-05-12 14:37:08
135,民爆概念,1923.68,-1.14,3479000000.0,3608000000.0,-130000000.0,25,力芯微,8.41,62.88,,2026-05-12 14:37:08
136,新型工业化,1905.89,-1.14,42188000000.0,50615000000.0,-8427000000.0,286,快克智能,10.01,55.94,,2026-05-12 14:37:08
137,煤炭概念,2450.77,-1.14,13258000000.000002,14418000000.0,-1160000000.0,87,*ST美丽,5.0,2.73,,2026-05-12 14:37:08
138,金属铜,2073.53,-1.15,33516000000.000004,36662000000.0,-3145000000.0,94,金田股份,6.05,12.1,,2026-05-12 14:37:08
139,低空经济,2409.28,-1.15,90968000000.0,112057000000.0,-21089000000.0,486,科翔股份,19.23,72.37,,2026-05-12 14:37:08
140,上海自贸区,4623.79,-1.15,10834000000.0,12322000000.0,-1488000000.0,58,*ST网达,5.04,13.55,,2026-05-12 14:37:08
141,装配式建筑,1105.15,-1.15,5708000000.0,7159000000.0,-1451000000.0,107,花王股份,10.07,7.65,,2026-05-12 14:37:08
142,中俄贸易概念,1845.97,-1.16,10690000000.0,13257000000.0,-2567000000.0,178,特锐德,9.09,32.99,,2026-05-12 14:37:08
143,智能家居,4133.8,-1.16,44450000000.0,54307000000.00001,-9857000000.0,286,金螳螂,10.07,7.98,,2026-05-12 14:37:08
144,智慧城市,4814.93,-1.16,64863000000.0,83510000000.0,-18647000000.0,417,工大科雅,19.99,40.64,,2026-05-12 14:37:08
145,信托概念,1262.9,-1.16,1732999999.9999998,2507000000.0,-774000000.0,23,江苏国信,3.53,8.22,,2026-05-12 14:37:08
146,云游戏,1789.41,-1.16,8130000000.0,10548000000.0,-2418000000.0,27,佳创视讯,10.41,10.18,,2026-05-12 14:37:08
147,注册制次新股,219.32,-1.16,15613000000.0,18466000000.0,-2853000000.0,83,春光集团,11.27,108.49,,2026-05-12 14:37:08
148,金属锌,2545.97,-1.16,18318000000.0,19400000000.0,-1082000000.0,44,ST京蓝,5.04,6.25,,2026-05-12 14:37:08
149,燃料电池,2294.02,-1.17,36478000000.0,45660000000.0,-9183000000.0,213,汉缆股份,10.0,10.01,,2026-05-12 14:37:08
150,碳中和,2226.01,-1.17,37560000000.0,45723000000.0,-8163000000.0,273,康欣新材,10.1,4.36,,2026-05-12 14:37:08
151,东数西算(算力),2582.25,-1.17,151474000000.0,176064000000.0,-24590000000.0,383,汉邦高科,19.98,11.47,,2026-05-12 14:37:08
152,工业互联网,2998.24,-1.18,85866000000.0,106113000000.00002,-20246000000.0,428,科翔股份,19.23,72.37,,2026-05-12 14:37:08
153,粤港澳大湾区,2937.87,-1.18,106044000000.0,123443000000.0,-17399000000.0,475,南风股份,19.97,16.22,,2026-05-12 14:37:08
154,足球概念,1792.81,-1.19,3361000000.0,4075000000.0,-713000000.0,38,探路者,4.43,15.78,,2026-05-12 14:37:08
155,跨境支付(CIPS),1716.65,-1.2,9781000000.0,12922000000.0,-3141000000.0,73,ST信安,2.39,8.99,,2026-05-12 14:37:08
156,PVDF概念,1525.13,-1.2,3768000000.0,5213000000.0,-1444000000.0,18,浙江众成,9.96,7.73,,2026-05-12 14:37:08
157,短剧游戏,1451.44,-1.21,15227000000.000002,19632000000.0,-4405000000.0,84,线上线下,20.0,111.49,,2026-05-12 14:37:08
158,卫星导航,5504.62,-1.21,84444000000.0,99769000000.0,-15325000000.0,276,众合科技,10.02,10.76,,2026-05-12 14:37:08
159,新疆振兴,1124.02,-1.21,17820000000.0,20687000000.0,-2867000000.0,154,双杰电气,9.07,17.56,,2026-05-12 14:37:08
160,高端装备,3819.16,-1.22,71226000000.0,85503000000.0,-14277000000.000002,364,快克智能,10.01,55.94,,2026-05-12 14:37:08
161,消毒剂,2238.47,-1.22,5336000000.0,7161000000.0,-1825000000.0,60,光莆股份,15.23,28.82,,2026-05-12 14:37:08
162,无线耳机,2753.09,-1.22,40281000000.0,46863000000.0,-6581000000.0,97,光莆股份,15.23,28.82,,2026-05-12 14:37:08
163,数字经济,1772.62,-1.23,69727000000.0,87771000000.0,-18044000000.0,506,品茗科技,14.07,106.79,,2026-05-12 14:37:08
164,航运概念,1828.56,-1.23,6299000000.0,8760000000.0,-2460000000.0,85,皖通科技,4.1,10.17,,2026-05-12 14:37:08
165,虚拟现实,1139.94,-1.23,76048000000.0,89832000000.0,-13784000000.0,286,佳创视讯,10.41,10.18,,2026-05-12 14:37:08
166,百度概念,2187.01,-1.23,61486000000.0,72422000000.0,-10936000000.0,231,华策影视,14.55,10.08,,2026-05-12 14:37:08
167,特钢概念,3560.36,-1.24,3968000000.0,5384000000.0,-1416000000.0,42,北京利尔,5.8,10.57,,2026-05-12 14:37:08
168,小金属概念,4100.91,-1.24,60976000000.0,70775000000.0,-9799000000.0,167,云南锗业,7.96,99.55,,2026-05-12 14:37:08
169,大飞机,4360.66,-1.24,33077000000.0,41656000000.0,-8580000000.0,152,通光线缆,20.0,23.22,,2026-05-12 14:37:08
170,脑机接口,1757.74,-1.24,10816000000.0,14331000000.0,-3515000000.0,70,光莆股份,15.23,28.82,,2026-05-12 14:37:08
171,手机游戏,3048.5,-1.25,9850000000.0,11542000000.0,-1691000000.0,59,华策影视,14.55,10.08,,2026-05-12 14:37:08
172,快手概念,2239.3,-1.26,11488000000.0,15424000000.0,-3936999999.9999995,50,线上线下,20.0,111.49,,2026-05-12 14:37:08
173,IP经济(谷子经济),1386.17,-1.26,13141999999.999998,16016999999.999998,-2875000000.0,195,华策影视,14.55,10.08,,2026-05-12 14:37:08
174,时空大数据,1748.54,-1.26,6123000000.0,8406000000.0,-2284000000.0,65,众合科技,10.02,10.76,,2026-05-12 14:37:08
175,同花顺果指数,2373.84,-1.27,30868000000.0,36116000000.0,-5248000000.0,20,环旭电子,2.62,42.26,,2026-05-12 14:37:08
176,智慧灯杆,1769.37,-1.27,6773000000.0,7641000000.0,-868000000.0,63,宜通世纪,7.08,6.35,,2026-05-12 14:37:08
177,信创,2274.85,-1.27,61879000000.0,72835000000.0,-10957000000.0,300,工大科雅,19.99,40.64,,2026-05-12 14:37:08
178,POE胶膜,1007.05,-1.28,3432000000.0,3793000000.0,-361000000.0,29,荣盛石化,2.91,13.44,,2026-05-12 14:37:08
179,污水处理,2017.33,-1.28,20501000000.0,25658000000.0,-5157000000.0,229,京源环保,8.98,11.89,,2026-05-12 14:37:08
180,中船系,1842.24,-1.28,2143000000.0,2897000000.0,-754000000.0,20,中船特气,1.57,97.35,,2026-05-12 14:37:08
181,金属回收,1383.96,-1.28,21396000000.0,26310000000.000004,-4914000000.0,84,福达合金,8.3,74.02,,2026-05-12 14:37:08
182,抖音概念(字节概念),1890.31,-1.28,59240000000.0,71798000000.0,-12557000000.0,213,线上线下,20.0,111.49,,2026-05-12 14:37:08
183,氢能源,3031.93,-1.29,76148000000.0,95244000000.0,-19096000000.0,397,海鸥股份,10.02,20.42,,2026-05-12 14:37:08
184,元宇宙,2093.58,-1.3,31704000000.000004,41762000000.0,-10058000000.0,181,华策影视,14.55,10.08,,2026-05-12 14:37:08
185,上海国企改革,1968.52,-1.3,3952000000.0000005,5817000000.0,-1864999999.9999998,108,耀皮玻璃,4.26,7.09,,2026-05-12 14:37:08
186,PM2.5,1955.49,-1.3,2896000000.0,3180000000.0,-284000000.0,36,南风股份,19.97,16.22,,2026-05-12 14:37:08
187,人工智能,1479.21,-1.31,179030000000.0,217306000000.0,-38277000000.0,1060,工大科雅,19.99,40.64,,2026-05-12 14:37:08
188,天然气,1818.07,-1.32,15722999999.999998,18817000000.0,-3093000000.0,165,春晖智控,6.01,36.35,,2026-05-12 14:37:08
189,人民币贬值受益,2605.41,-1.33,171092000000.0,187287000000.0,-16194999999.999998,602,光莆股份,15.23,28.82,,2026-05-12 14:37:08
190,独角兽概念,2230.95,-1.33,25165000000.0,33749000000.0,-8584999999.999999,110,合肥城建,10.02,16.36,,2026-05-12 14:37:08
191,金属铅,2232.49,-1.33,18150000000.0,19139000000.0,-989000000.0,39,西部矿业,3.62,33.47,,2026-05-12 14:37:08
192,烟草,1751.81,-1.34,2609000000.0,2970000000.0,-361000000.0,41,亚香股份,1.76,41.65,,2026-05-12 14:37:08
193,移动支付,2561.58,-1.34,9447000000.0,12142000000.0,-2695000000.0,77,吴通控股,13.23,6.93,,2026-05-12 14:37:08
194,车联网(车路协同),1319.5,-1.34,53955999999.99999,69565000000.0,-15608000000.000002,295,汉邦高科,19.98,11.47,,2026-05-12 14:37:08
195,阿里巴巴概念,2198.23,-1.35,100521000000.0,119056000000.0,-18535000000.0,686,线上线下,20.0,111.49,,2026-05-12 14:37:08
196,区块链,1704.94,-1.35,44878000000.0,56128000000.0,-11249000000.0,261,百邦科技,12.35,45.12,,2026-05-12 14:37:08
197,金属镍,1469.4,-1.36,15022999999.999998,16854000000.0,-1830999999.9999998,40,西部矿业,3.62,33.47,,2026-05-12 14:37:08
198,DeepSeek概念,1839.67,-1.36,126942000000.0,162629000000.0,-35687000000.0,770,华策影视,14.55,10.08,,2026-05-12 14:37:08
199,华为鲲鹏,1581.04,-1.37,31602000000.0,38647000000.0,-7045000000.0,176,工大科雅,19.99,40.64,,2026-05-12 14:37:08
200,在线教育,3207.12,-1.37,12750000000.0,18870000000.0,-6120000000.0,128,佳创视讯,10.41,10.18,,2026-05-12 14:37:08
201,飞行汽车(eVTOL),2087.26,-1.32,18442000000.0,25091000000.0,-6648999999.999999,266,瑞可达,7.51,137.32,,2026-05-12 14:37:08
202,DeepSeek概念,1840.51,-1.32,127301000000.0,162979000000.0,-35678000000.0,770,华策影视,14.55,10.08,,2026-05-12 14:37:08
203,在线教育,3208.59,-1.32,12810000000.0,18930000000.0,-6120000000.0,128,佳创视讯,10.41,10.18,,2026-05-12 14:37:08
204,华为鲲鹏,1581.73,-1.32,31695999999.999996,38747000000.0,-7051000000.000001,176,工大科雅,19.99,40.64,,2026-05-12 14:37:08
205,多模态AI,1493.47,-1.33,26326000000.0,35153000000.0,-8826000000.0,148,华策影视,14.55,10.08,,2026-05-12 14:37:08
206,3D打印,4963.21,-1.33,33293000000.0,38345000000.0,-5052000000.0,133,南风股份,19.97,16.22,,2026-05-12 14:37:08
207,ETC,1976.15,-1.33,4493000000.0,6076000000.0,-1583000000.0,42,皖通科技,4.1,10.17,,2026-05-12 14:37:08
208,Web3.0,2103.81,-1.34,10382000000.0,13632000000.0,-3249000000.0,65,佳创视讯,10.41,10.18,,2026-05-12 14:37:08
209,国资云,1667.09,-1.35,11713000000.0,14863999999.999998,-3151000000.0,54,中国科传,5.07,29.22,,2026-05-12 14:37:08
210,虚拟数字人,1573.39,-1.35,24357000000.0,33313000000.0,-8956000000.0,173,华策影视,14.55,10.08,,2026-05-12 14:37:08
211,医疗器械概念,3318.76,-1.35,42642000000.0,52453000000.0,-9811000000.0,405,唯科科技,16.55,148.3,,2026-05-12 14:37:08
212,数据确权,1705.21,-1.35,6679000000.000001,7993000000.000001,-1314000000.0,68,众合科技,10.02,10.76,,2026-05-12 14:37:08
213,乡村振兴,1260.92,-1.35,48356000000.0,63714000000.0,-15358000000.000002,428,康欣新材,10.1,4.36,,2026-05-12 14:37:08
214,腾讯概念,1495.67,-1.35,74154000000.0,91534000000.0,-17381000000.0,295,线上线下,20.0,111.49,,2026-05-12 14:37:08
215,转基因,1897.35,-1.36,580000000.0,994000000.0,-415000000.00000006,20,禾元生物,1.25,59.03,,2026-05-12 14:37:08
216,人脸识别,1497.03,-1.36,12474000000.0,17490000000.0,-5016000000.0,110,汉邦高科,19.98,11.47,,2026-05-12 14:37:08
217,辅助生殖,1352.81,-1.38,10451000000.0,11075000000.0,-625000000.0,74,重药控股,10.02,6.81,,2026-05-12 14:37:08
218,超级电容,3287.59,-1.38,15713000000.0,18777000000.0,-3063000000.0,37,中国西电,5.25,19.05,,2026-05-12 14:37:08
219,动力电池回收,1038.25,-1.38,28567000000.0,39011000000.0,-10444000000.0,94,特锐德,9.09,32.99,,2026-05-12 14:37:08
220,石墨烯,1928.83,-1.38,10983000000.0,14494999999.999998,-3511999999.9999995,76,华正新材,8.43,96.54,,2026-05-12 14:37:08
221,AI语料,1325.15,-1.39,9228000000.0,11419000000.0,-2191000000.0,52,华策影视,14.55,10.08,,2026-05-12 14:37:08
222,体育产业,1157.77,-1.39,9089000000.0,11151000000.0,-2062000000.0,132,ST棕榈,5.29,1.79,,2026-05-12 14:37:08
223,医药电商,1077.75,-1.39,12458000000.0,14247999999.999998,-1789999999.9999998,174,华瑞股份,13.15,33.38,,2026-05-12 14:37:08
224,维生素,1421.9,-1.39,3963000000.0000005,4870000000.0,-907000000.0,75,尔康制药,7.08,4.84,,2026-05-12 14:37:08
225,网约车,1628.45,-1.39,1132000000.0,2265000000.0,-1133000000.0,29,博实结,3.21,101.5,,2026-05-12 14:37:08
226,大豆,1823.51,-1.4,466000000.0,640000000.0,-174000000.0,15,秋乐种业,0.14,13.95,,2026-05-12 14:37:08
227,眼科医疗,1905.77,-1.4,9038000000.0,10062000000.0,-1024000000.0,58,海特生物,4.68,38.27,,2026-05-12 14:37:08
228,网红经济,1591.26,-1.4,10312000000.0,13572000000.0,-3260000000.0,118,华策影视,14.55,10.08,,2026-05-12 14:37:08
229,互联网金融,6696.7,-1.4,26201000000.0,32545999999.999996,-6344000000.0,217,宝鼎科技,9.99,33.46,,2026-05-12 14:37:08
230,农机,1461.59,-1.41,12078000000.0,16531000000.0,-4453000000.0,97,德恩精工,4.39,31.37,,2026-05-12 14:37:08
231,鸿蒙概念,2057.02,-1.41,32020999999.999996,41309000000.0,-9288000000.0,261,光莆股份,15.23,28.82,,2026-05-12 14:37:08
232,重组蛋白,815.529,-1.43,3019000000.0,4011000000.0,-992000000.0,116,成都先导,8.15,29.72,,2026-05-12 14:37:08
233,AI智能体,1548.56,-1.43,65775000000.0,86713000000.0,-20939000000.0,429,汉邦高科,19.98,11.47,,2026-05-12 14:37:08
234,合成生物,1676.1,-1.43,12478000000.0,16143000000.0,-3664000000.0,164,众合科技,10.02,10.76,,2026-05-12 14:37:08
235,数据要素,1371.01,-1.44,52165000000.0,68655999999.99999,-16491000000.0,392,工大科雅,19.99,40.64,,2026-05-12 14:37:08
236,网络游戏,1750.3,-1.44,12152000000.0,16077000000.000002,-3924000000.0,66,方正科技,6.68,14.21,,2026-05-12 14:37:08
237,免税店,1024.96,-1.44,1630000000.0,2646000000.0,-1016000000.0,26,ST华扬,0.69,8.8,,2026-05-12 14:37:08
238,跨境电商,1070.54,-1.44,28656000000.0,37856000000.0,-9201000000.0,336,吴通控股,13.23,6.93,,2026-05-12 14:37:08
239,人造肉,1591.09,-1.44,831000000.0,1508000000.0,-677000000.0,20,灵鸽科技,4.47,40.62,,2026-05-12 14:37:08
240,星闪概念,1577.71,-1.45,10775000000.0,14505000000.000002,-3729999999.9999995,75,中科蓝讯,6.22,127.04,,2026-05-12 14:37:08
241,参股保险,1522.79,-1.45,8256000000.0,10769000000.0,-2513000000.0,114,江苏国信,3.53,8.22,,2026-05-12 14:37:08
242,磷化工,3492.25,-1.45,14366000000.0,17678000000.0,-3311999999.9999995,66,瑞丰高材,7.83,19.41,,2026-05-12 14:37:08
243,智能物流,1225.85,-1.46,26841000000.000004,35152000000.0,-8311000000.0,235,重药控股,10.02,6.81,,2026-05-12 14:37:08
244,石墨电极,1264.21,-1.46,2816000000.0,4049000000.0,-1233000000.0,25,龙佰集团,3.0,17.53,,2026-05-12 14:37:08
245,数据安全,1312.86,-1.46,47835000000.0,56369000000.00001,-8534000000.0,176,通鼎互联,9.99,25.0,,2026-05-12 14:37:08
246,丙烯酸,2173.95,-1.46,2068000000.0,2307000000.0,-239000000.0,19,卫星化学,2.35,27.48,,2026-05-12 14:37:08
247,英伟达概念,1967.72,-1.47,46421000000.0,54136000000.0,-7715000000.000001,78,鼎通科技,5.42,243.0,,2026-05-12 14:37:08
248,智能音箱,3035.24,-1.47,27094000000.0,30727999999.999996,-3634000000.0000005,59,中科蓝讯,6.22,127.04,,2026-05-12 14:37:08
249,AIGC概念,2337.09,-1.47,44855000000.0,58933000000.00001,-14077000000.000002,288,华策影视,14.55,10.08,,2026-05-12 14:37:08
250,网络安全,6244.51,-1.48,40149000000.0,51285000000.0,-11136000000.0,196,汉邦高科,19.98,11.47,,2026-05-12 14:37:08
251,数字乡村,2027.69,-1.76,12933000000.000002,17066999999.999998,-4133000000.0,100,君逸数码,6.97,36.69,,2026-05-12 14:37:08
252,海南自贸区,1709.43,-1.78,4318000000.0,5607000000.0,-1289000000.0,29,*ST双成,4.97,10.56,,2026-05-12 14:37:08
253,数字货币,2216.97,-1.78,11641000000.0,14422999999.999998,-2781000000.0,91,兆日科技,4.78,10.75,,2026-05-12 14:37:08
254,Sora概念(文生视频),2500.12,-1.79,7642000000.0,8959000000.0,-1317000000.0,48,华策影视,14.55,10.08,,2026-05-12 14:37:08
255,托育服务,1082.11,-1.81,1059000000.0,2000000000.0,-941000000.0,16,中原传媒,0.79,14.11,,2026-05-12 14:37:08
256,粮食概念,927.639,-1.83,1363000000.0,2297000000.0,-934000000.0,47,康农种业,0.22,23.05,,2026-05-12 14:37:08
257,盐湖提锂,2300.94,-1.83,20775000000.0,24034000000.0,-3260000000.0,46,西部矿业,3.62,33.47,,2026-05-12 14:37:08
258,自由贸易港,1047.22,-1.84,2162000000.0,3602000000.0000005,-1440000000.0,45,东方创业,4.1,7.62,,2026-05-12 14:37:08
259,互联网保险,1069.23,-1.84,6670999999.999999,9206000000.0,-2535000000.0,21,新致软件,-0.13,15.76,,2026-05-12 14:37:08
260,智谱AI,1626.84,-1.86,13193000000.0,17917000000.0,-4724000000.0,70,华策影视,14.55,10.08,,2026-05-12 14:37:08
261,预制菜,1109.56,-1.88,3624000000.0,5928000000.0,-2303000000.0,100,双枪科技,10.0,53.55,,2026-05-12 14:37:08
262,无人零售,1507.63,-1.91,1120000000.0,1722000000.0,-602000000.0,25,科蓝软件,0.1,9.77,,2026-05-12 14:37:08
263,语音技术,2118.51,-1.92,6238000000.0,9432000000.0,-3194000000.0,63,中科蓝讯,6.22,127.04,,2026-05-12 14:37:08
264,芬太尼,2256.03,-1.92,258000000.0,449000000.0,-191000000.0,8,国药股份,-0.24,28.48,,2026-05-12 14:37:08
265,生态农业,1819.56,-1.93,3813000000.0000005,5535000000.0,-1721000000.0,58,龙建股份,2.24,4.1,,2026-05-12 14:37:08
266,宠物经济,1566.01,-1.93,6950000000.0,9088000000.0,-2138000000.0,126,唯科科技,16.55,148.3,,2026-05-12 14:37:08
267,染料,1667.08,-1.96,2282000000.0,2849000000.0,-567000000.0,39,信凯科技,1.3,46.65,,2026-05-12 14:37:08
268,民营医院,1604.64,-1.98,5478000000.0,6659000000.0,-1181000000.0,74,双鹭药业,3.92,6.89,,2026-05-12 14:37:08
269,汽车拆解概念,1843.51,-1.99,5683000000.0,7445999999.999999,-1763000000.0,48,山子高科,7.89,4.24,,2026-05-12 14:37:08
270,乳业,2138.77,-1.99,1560000000.0,2184000000.0,-624000000.0,35,万辰集团,1.34,230.99,,2026-05-12 14:37:08
271,稀土永磁,3936.85,-2.02,13880000000.000002,20253000000.0,-6373000000.0,64,新风光,12.31,76.11,,2026-05-12 14:37:08
272,电子纸,1445.91,-2.03,5028000000.0,5119000000.0,-91000000.0,24,龙腾光电,3.43,4.82,,2026-05-12 14:37:08
273,财税数字化,1935.59,-2.07,5958000000.0,8877000000.0,-2919000000.0,66,赛意信息,5.2,31.77,,2026-05-12 14:37:08
274,流感,1543.27,-2.11,10814000000.0,14796000000.0,-3983000000.0,183,尔康制药,7.08,4.84,,2026-05-12 14:37:08
275,核污染防治,1746.74,-2.14,6423999999.999999,8434000000.0,-2010000000.0000002,59,捷强装备,3.66,41.05,,2026-05-12 14:37:08
276,家庭医生,1335.15,-2.14,3154000000.0,5230000000.0,-2076000000.0000002,26,益丰药房,1.25,23.39,,2026-05-12 14:37:08
277,基因测序,2179.19,-2.18,9751000000.0,13375000000.0,-3624000000.0,70,百奥赛图,6.82,102.82,,2026-05-12 14:37:08
278,肝炎概念,1203.44,-2.21,7220000000.0,10871000000.0,-3651000000.0,140,*ST双成,4.97,10.56,,2026-05-12 14:37:08
279,阿尔茨海默概念,1315.58,-2.21,3019000000.0,5184000000.0,-2165000000.0,86,*ST双成,4.97,10.56,,2026-05-12 14:37:08
280,高压氧舱,1300.53,-2.22,474000000.0,880000000.0000001,-405999999.99999994,11,盈康生命,-0.95,11.5,,2026-05-12 14:37:08
281,MLOps概念,1156.08,-2.26,2515000000.0,3835000000.0,-1320000000.0,18,格灵深瞳,0.6,16.76,,2026-05-12 14:37:08
282,养鸡,1256.57,-2.36,938000000.0000001,1867000000.0000002,-930000000.0000001,22,晓鸣股份,2.92,17.95,,2026-05-12 14:37:08
283,DRG/DIP,1094.31,-2.46,911000000.0,1670000000.0,-759000000.0,22,华平股份,-0.89,4.46,,2026-05-12 14:37:08
284,动物疫苗,1525.36,-2.58,636000000.0,1111000000.0,-475000000.0,20,*ST海利,0.52,3.86,,2026-05-12 14:37:08
285,猴痘概念,948.501,-2.63,4513000000.0,7025000000.0,-2512000000.0,74,双鹭药业,3.92,6.89,,2026-05-12 14:37:08
286,禽流感,2340.42,-2.77,2107000000.0,3447999999.9999995,-1341000000.0,26,*ST香雪,2.07,10.86,,2026-05-12 14:37:08
287,猪肉,2548.43,-3.24,2016000000.0,4232000000.0,-2216000000.0,32,益生股份,-0.7,11.41,,2026-05-12 14:37:08
