序号,sector,pct_change,main_net_inflow,main_net_inflow_pct,super_large_net,今日超大单净流入-净占比,large_net,今日大单净流入-净占比,medium_net,今日中单净流入-净占比,small_net,今日小单净流入-净占比,今日主力净流入最大股,fetch_time
1,电网设备,1.24,4036162304.0,4.51,4150536448.0,4.64,-114374144.0,-0.13,-1161281024.0,-1.3,-2785471744.0,-3.11,汉缆股份,2026-05-12 14:34:25
2,线缆部件及其他,2.38,2581538544.0,10.26,2945634544.0,11.7,-364096000.0,-1.45,-1143529472.0,-4.54,-1421178368.0,-5.65,汉缆股份,2026-05-12 14:34:25
3,输变电设备,1.41,1931096064.0,5.24,1451558400.0,3.94,479537664.0,1.3,-447431424.0,-1.22,-1432924928.0,-3.89,特变电工,2026-05-12 14:34:25
4,铜,0.67,1612786688.0,3.8,978704640.0,2.31,634082048.0,1.49,-273961472.0,-0.65,-1338842112.0,-3.16,紫金矿业,2026-05-12 14:34:25
5,电力,1.13,1184771328.0,1.42,912472064.0,1.1,272299264.0,0.33,235497216.0,0.28,-1419952896.0,-1.71,太阳能,2026-05-12 14:34:25
6,硅料硅片,0.64,696882848.0,13.96,641083456.0,12.84,55799392.0,1.12,-196019200.0,-3.93,-500820528.0,-10.03,TCL中环,2026-05-12 14:34:25
7,医疗研发外包,-0.94,537455872.0,3.21,-57305088.0,-0.34,594760960.0,3.55,-168510464.0,-1.01,-368944560.0,-2.2,药明康德,2026-05-12 14:34:25
8,模拟芯片设计,-0.04,530174208.0,1.92,140224000.0,0.51,389950208.0,1.41,65988352.0,0.24,-595919360.0,-2.15,卓胜微,2026-05-12 14:34:25
9,白银,1.21,528101536.0,4.93,137404016.0,1.28,390697520.0,3.65,232273424.0,2.17,-760374976.0,-7.1,兴业银锡,2026-05-12 14:34:25
10,光伏发电,1.05,472906592.0,3.78,417322320.0,3.33,55584272.0,0.44,-162723904.0,-1.3,-310027520.0,-2.48,太阳能,2026-05-12 14:34:25
11,公用事业,0.49,423113472.0,0.47,477452800.0,0.53,-54339328.0,-0.06,375263232.0,0.41,-804478976.0,-0.89,太阳能,2026-05-12 14:34:25
12,工程咨询服务Ⅲ,-1.05,410336880.0,5.1,445713040.0,5.54,-35376160.0,-0.44,-5091216.0,-0.06,-429857024.0,-5.34,太极实业,2026-05-12 14:34:25
13,工程咨询服务Ⅱ,-1.05,410190864.0,5.1,445567024.0,5.53,-35376160.0,-0.44,-5010928.0,-0.06,-429784080.0,-5.34,太极实业,2026-05-12 14:34:25
14,热力服务,1.01,363647392.0,4.23,196146704.0,2.28,167500688.0,1.95,66664944.0,0.77,-430314800.0,-5.0,协鑫能科,2026-05-12 14:34:25
15,铁路运输,1.19,334404016.0,7.47,239213136.0,5.34,95190880.0,2.13,-164965472.0,-3.68,-169443312.0,-3.78,京沪高铁,2026-05-12 14:34:25
16,证券Ⅱ,0.16,333643008.0,0.8,892206592.0,2.14,-558563584.0,-1.34,-354944000.0,-0.85,21230336.0,0.05,长城证券,2026-05-12 14:34:25
17,证券Ⅲ,0.16,333643008.0,0.8,892206592.0,2.14,-558563584.0,-1.34,-354944000.0,-0.85,21230336.0,0.05,长城证券,2026-05-12 14:34:25
18,水力发电,2.15,291674736.0,3.84,420279040.0,5.54,-128604304.0,-1.69,-181532512.0,-2.39,-110153952.0,-1.45,韶能股份,2026-05-12 14:34:25
19,铁路公路,-0.13,286451120.0,4.64,203768016.0,3.3,82683104.0,1.34,-157342096.0,-2.55,-129052800.0,-2.09,京沪高铁,2026-05-12 14:34:25
20,食品及饲料添加剂,-0.22,286387024.0,6.41,64757328.0,1.45,221629696.0,4.96,59483312.0,1.33,-351272624.0,-7.86,新 和 成,2026-05-12 14:34:25
21,非金属材料Ⅱ,2.03,226647632.0,3.58,329315248.0,5.21,-102667616.0,-1.62,-130622496.0,-2.06,-97806864.0,-1.55,石英股份,2026-05-12 14:34:25
22,非金属材料Ⅲ,2.03,226647632.0,3.58,329315248.0,5.21,-102667616.0,-1.62,-130622496.0,-2.06,-97806864.0,-1.55,石英股份,2026-05-12 14:34:25
23,半导体设备,3.55,211169536.0,0.5,489512704.0,1.16,-278343168.0,-0.66,-361053952.0,-0.86,149249408.0,0.35,富创精密,2026-05-12 14:34:25
24,空调,-0.81,188841760.0,4.3,-26128944.0,-0.59,214970704.0,4.89,-169377584.0,-3.86,-19464192.0,-0.44,格力电器,2026-05-12 14:34:25
25,影视动漫制作,-0.54,167696720.0,2.22,-10879824.0,-0.14,178576544.0,2.37,-121472928.0,-1.61,-46217072.0,-0.61,华策影视,2026-05-12 14:34:25
26,钼,3.0,164830112.0,6.18,66733744.0,2.5,98096368.0,3.68,-14555248.0,-0.55,-150274848.0,-5.63,金钼股份,2026-05-12 14:34:25
27,其他生物制品,-1.72,157106960.0,1.57,16512016.0,0.17,140594944.0,1.41,43999856.0,0.44,-201051744.0,-2.01,荣昌生物,2026-05-12 14:34:25
28,体育Ⅱ,2.52,156981438.0,10.73,105439806.0,7.21,51541632.0,3.52,21649664.0,1.48,-178632512.0,-12.21,中体产业,2026-05-12 14:34:25
29,体育Ⅲ,2.52,156872014.0,10.72,105439806.0,7.2,51432208.0,3.51,21698768.0,1.48,-178572192.0,-12.2,中体产业,2026-05-12 14:34:25
30,医药流通,-0.56,140726226.0,4.11,124281698.0,3.63,16444528.0,0.48,19160128.0,0.56,-159886368.0,-4.67,重药控股,2026-05-12 14:34:25
31,核力发电,0.49,133532509.0,6.41,97217069.0,4.67,36315440.0,1.74,23848416.0,1.15,-157288720.0,-7.55,中国核电,2026-05-12 14:34:25
32,铁矿石,-0.81,109618303.0,5.52,115234879.0,5.8,-5616576.0,-0.28,-10800032.0,-0.54,-98818288.0,-4.98,大中矿业,2026-05-12 14:34:25
33,影视院线,-0.59,96165248.0,1.18,-53782528.0,-0.66,149947776.0,1.83,-97607648.0,-1.19,1449120.0,0.02,华策影视,2026-05-12 14:34:25
34,其他数字媒体,2.83,95134504.0,12.77,46727211.0,6.27,48407293.0,6.5,5817134.0,0.78,-100948525.0,-13.55,风语筑,2026-05-12 14:34:25
35,风力发电,0.83,83864928.0,0.74,-28669504.0,-0.25,112534432.0,0.99,114144992.0,1.01,-197977152.0,-1.75,华电新能,2026-05-12 14:34:25
36,电能综合服务,0.72,82050064.0,1.29,-67680784.0,-1.07,149730848.0,2.36,102830688.0,1.62,-184886384.0,-2.91,乐山电力,2026-05-12 14:34:25
37,贵金属,-1.15,80939488.0,0.35,-80735776.0,-0.35,161675264.0,0.71,610618624.0,2.68,-691554560.0,-3.03,兴业银锡,2026-05-12 14:34:25
38,LED,-0.6,71895920.0,0.37,-253794960.0,-1.32,325690880.0,1.69,257576704.0,1.34,-329500672.0,-1.71,三安光电,2026-05-12 14:34:25
39,金融信息服务,-0.68,66393315.0,3.11,43434243.0,2.03,22959072.0,1.07,27549760.0,1.29,-93943104.0,-4.4,拉卡拉,2026-05-12 14:34:25
40,彩电,1.76,58582784.0,1.51,54540576.0,1.41,4042208.0,0.1,-29419904.0,-0.76,-29151296.0,-0.75,兆驰股份,2026-05-12 14:34:25
41,防水材料,1.71,54636642.0,4.65,9392221.0,0.8,45244421.0,3.85,-20121968.0,-1.71,-34514672.0,-2.94,东方雨虹,2026-05-12 14:34:25
42,塑料包装,0.64,53085169.0,3.39,31204609.0,1.99,21880560.0,1.4,-2708384.0,-0.17,-29631072.0,-1.89,金富科技,2026-05-12 14:34:25
43,钛白粉,-0.2,49183582.0,3.54,59023630.0,4.25,-9840048.0,-0.71,-31304640.0,-2.25,-17878944.0,-1.29,龙佰集团,2026-05-12 14:34:25
44,水泥制品,-0.83,47851128.0,3.47,63775032.0,4.62,-15923904.0,-1.15,-19643680.0,-1.42,-28187232.0,-2.04,苏博特,2026-05-12 14:34:25
45,白色家电,-0.88,43742304.0,0.74,-132460912.0,-2.24,176203216.0,2.99,-141650096.0,-2.4,97907792.0,1.66,格力电器,2026-05-12 14:34:25
46,光伏辅材,-0.6,41558480.0,0.58,-67060496.0,-0.94,108618976.0,1.52,166710144.0,2.33,-217885488.0,-3.05,亚玛顿,2026-05-12 14:34:25
47,光伏加工设备,-1.23,38506704.0,0.3,-21354960.0,-0.17,59861664.0,0.47,26545184.0,0.21,-59504560.0,-0.46,晶盛机电,2026-05-12 14:34:25
48,原材料供应链服务,-0.78,37034358.0,2.4,44306726.0,2.88,-7272368.0,-0.47,-67815840.0,-4.4,30779360.0,2.0,建发股份,2026-05-12 14:34:25
49,会展服务,-0.51,25407403.0,10.28,2864377.0,1.16,22543026.0,9.12,17662279.0,7.14,-43069681.0,-17.42,兰生股份,2026-05-12 14:34:25
50,黑色家电,-0.18,23515136.0,0.47,45754000.0,0.92,-22238864.0,-0.45,-21722176.0,-0.44,-1792080.0,-0.04,兆驰股份,2026-05-12 14:34:25
51,底盘与发动机系统,-0.38,21391616.0,0.05,625143552.0,1.56,-603751936.0,-1.51,-722404608.0,-1.81,687318528.0,1.72,山子高科,2026-05-12 14:34:25
52,其他塑料制品,0.39,18245296.0,0.26,4124704.0,0.06,14120592.0,0.2,26444368.0,0.37,-21727552.0,-0.31,瑞丰高材,2026-05-12 14:34:25
53,玻璃制造,0.52,17789301.0,0.97,28718421.0,1.57,-10929120.0,-0.6,-4660544.0,-0.25,-13136960.0,-0.72,旗滨集团,2026-05-12 14:34:25
54,其他饰品,1.05,17155853.0,10.03,10515146.0,6.15,6640707.0,3.88,-7759704.0,-4.54,-9396151.0,-5.49,ST新华锦,2026-05-12 14:34:25
55,商业地产,0.27,14106559.0,0.6,-67941521.0,-2.89,82048080.0,3.48,-55452544.0,-2.35,41307984.0,1.75,招商蛇口,2026-05-12 14:34:25
56,其他家居用品,-0.51,12992636.0,0.5,18129260.0,0.69,-5136624.0,-0.2,7384992.0,0.28,-20377632.0,-0.78,双枪科技,2026-05-12 14:34:25
57,成品家居,-1.02,12927575.0,0.66,-5112553.0,-0.26,18040128.0,0.92,70377200.0,3.6,-84242576.0,-4.31,ST喜临门,2026-05-12 14:34:25
58,燃料电池,-1.03,10206860.0,7.9,5417414.0,4.19,4789446.0,3.71,2130353.0,1.65,-12337211.0,-9.55,亿华通-U,2026-05-12 14:34:25
59,胶黏剂及胶带,-0.57,9909316.0,1.2,-49458684.0,-5.98,59368000.0,7.18,-4890780.0,-0.59,-5018528.0,-0.61,晶华新材,2026-05-12 14:34:25
60,涂料,2.21,8195221.0,2.61,2363529.0,0.75,5831692.0,1.86,21670734.0,6.91,-29865957.0,-9.52,三棵树,2026-05-12 14:34:25
61,钢结构,-1.41,7604945.0,0.59,11204561.0,0.86,-3599616.0,-0.28,16922848.0,1.3,-26250768.0,-2.02,宏盛华源,2026-05-12 14:34:25
62,氨纶,0.36,6162692.0,2.2,-3702860.0,-1.32,9865552.0,3.52,19080133.0,6.81,-25242826.0,-9.01,华峰化学,2026-05-12 14:34:25
63,电工仪器仪表,-0.64,3437427.0,0.13,26609187.0,0.99,-23171760.0,-0.86,91100576.0,3.39,-94960304.0,-3.53,华盛昌,2026-05-12 14:34:25
64,印染,-0.49,2479758.0,0.24,-21088632.0,-2.04,23568390.0,2.28,77868624.0,7.53,-80418240.0,-7.78,航民股份,2026-05-12 14:34:25
65,卫浴电器,-0.07,2405444.0,0.98,4561636.0,1.85,-2156192.0,-0.88,10997093.0,4.47,-13402537.0,-5.45,日出东方,2026-05-12 14:34:25
66,粮食种植,-1.42,2150808.0,0.41,-12574376.0,-2.39,14725184.0,2.79,26356816.0,5.0,-28507624.0,-5.41,北大荒,2026-05-12 14:34:25
67,光伏主材,-0.62,2034512.0,0.04,31930448.0,0.7,-29895936.0,-0.66,15343728.0,0.34,-17371568.0,-0.38,隆基绿能,2026-05-12 14:34:25
68,长材,-0.78,1900943.0,1.05,6571339.0,3.62,-4670396.0,-2.57,-3589663.0,-1.98,1688719.0,0.93,三钢闽光,2026-05-12 14:34:25
69,林业Ⅱ,-1.19,765328.0,0.02,68940016.0,1.9,-68174688.0,-1.88,-1344896.0,-0.04,579552.0,0.02,平潭发展,2026-05-12 14:34:25
70,林业Ⅲ,-1.19,249168.0,0.01,68940016.0,1.9,-68690848.0,-1.9,-994512.0,-0.03,745360.0,0.02,平潭发展,2026-05-12 14:34:25
71,医美服务,1.43,100508.0,0.21,-682938.0,-1.46,783446.0,1.67,3934526.0,8.41,-4035033.0,-8.62,*ST美谷,2026-05-12 14:34:25
72,个护小家电,-1.12,-1212757.0,-0.36,-11500702.0,-3.37,10287945.0,3.01,7463584.0,2.19,-12701716.0,-3.72,倍轻松,2026-05-12 14:34:25
73,信托,-0.68,-1278082.0,-0.19,-8100207.0,-1.23,6822125.0,1.04,-1777349.0,-0.27,3055432.0,0.46,国网英大,2026-05-12 14:34:25
74,海洋捕捞,-1.9,-1789196.0,-1.91,966493.0,1.03,-2755689.0,-2.94,2478620.0,2.65,-689423.0,-0.74,开创国际,2026-05-12 14:34:25
75,其他能源发电,-1.17,-1818471.0,-1.05,-4188677.0,-2.42,2370206.0,1.37,6288372.0,3.63,-4469901.0,-2.58,顺发恒能,2026-05-12 14:34:25
76,医药商业,-0.9,-1895328.0,-0.04,69301840.0,1.5,-71197168.0,-1.54,27896448.0,0.6,-26001120.0,-0.56,重药控股,2026-05-12 14:34:25
77,房地产综合服务,-2.02,-2920753.0,-5.76,-1266039.0,-2.5,-1654714.0,-3.26,-3189336.0,-6.29,6110089.0,12.05,珠江股份,2026-05-12 14:34:25
78,人力资源服务,-1.37,-3208514.0,-1.45,-3845798.0,-1.74,637284.0,0.29,16592125.0,7.49,-13383610.0,-6.04,外服控股,2026-05-12 14:34:25
79,饰品,-0.86,-3811536.0,-0.22,-23512528.0,-1.33,19700992.0,1.11,58959840.0,3.33,-55148304.0,-3.11,ST新华锦,2026-05-12 14:34:25
80,熟食,-1.3,-4709793.0,-2.15,-7875309.0,-3.59,3165516.0,1.44,-757472.0,-0.35,5467265.0,2.49,煌上煌,2026-05-12 14:34:25
81,纺织鞋类制造,-1.72,-5265505.0,-6.52,-1742647.0,-2.16,-3522858.0,-4.36,4828538.0,5.97,436967.0,0.54,华利集团,2026-05-12 14:34:25
82,果蔬加工,1.58,-6271845.0,-1.1,6775768.0,1.19,-13047613.0,-2.28,-17022357.0,-2.98,22479679.0,3.93,安德利,2026-05-12 14:34:25
83,其他化学原料,-1.67,-7599920.0,-0.15,-35134128.0,-0.69,27534208.0,0.54,-22801216.0,-0.45,18302784.0,0.36,卫星化学,2026-05-12 14:34:25
84,水泥,-0.49,-7654384.0,-0.18,108358864.0,2.51,-116013248.0,-2.68,-10649024.0,-0.25,18402736.0,0.43,苏博特,2026-05-12 14:34:25
85,辅料,0.42,-8059804.0,-3.65,-550323.0,-0.25,-7509481.0,-3.4,20720268.0,9.38,-12207019.0,-5.53,夜光明,2026-05-12 14:34:25
86,学历教育,-2.68,-8423296.0,-4.46,-2257201.0,-1.19,-6166095.0,-3.26,17921049.0,9.48,-9497754.0,-5.03,国脉科技,2026-05-12 14:34:25
87,医疗服务,-1.69,-8994656.0,-0.04,-371849312.0,-1.59,362854656.0,1.56,-9522944.0,-0.04,11019008.0,0.05,药明康德,2026-05-12 14:34:25
88,农业综合Ⅲ,-1.87,-12321878.0,-7.21,-10842007.0,-6.34,-1479871.0,-0.87,12977049.0,7.59,-1903453.0,-1.11,润农节水,2026-05-12 14:34:25
89,农业综合Ⅱ,-1.87,-12321878.0,-7.21,-10842007.0,-6.35,-1479871.0,-0.87,12977049.0,7.59,-1903453.0,-1.11,润农节水,2026-05-12 14:34:25
90,定制家居,-0.99,-12996275.0,-0.69,-31903875.0,-1.69,18907600.0,1.0,31254672.0,1.66,-26329600.0,-1.4,顶固集创,2026-05-12 14:34:25
91,家纺,1.01,-13243936.0,-1.12,10977826.0,0.93,-24221762.0,-2.05,-34208176.0,-2.9,44901728.0,3.81,梦洁股份,2026-05-12 14:34:25
92,视频媒体,-1.63,-13516801.0,-5.23,2351761.0,0.91,-15868562.0,-6.14,2013028.0,0.78,11503773.0,4.45,芒果超媒,2026-05-12 14:34:25
93,水产饲料,-0.96,-14961070.0,-1.43,-45320001.0,-4.34,30358931.0,2.91,63782016.0,6.1,-48820944.0,-4.67,百洋股份,2026-05-12 14:34:25
94,钢铁管材,-1.23,-14985500.0,-4.08,-14995276.0,-4.09,9776.0,0.0,9248199.0,2.52,5732310.0,1.56,武进不锈,2026-05-12 14:34:25
95,基建市政工程,-0.22,-15408464.0,-0.13,-104992368.0,-0.91,89583904.0,0.78,112180240.0,0.98,-86228960.0,-0.75,中国电建,2026-05-12 14:34:25
96,油气开采Ⅱ,-0.91,-15735240.0,-0.76,-118263128.0,-5.71,102527888.0,4.95,60512480.0,2.92,-44824304.0,-2.16,中国海油,2026-05-12 14:34:25
97,油气开采Ⅲ,-0.88,-15762120.0,-0.76,-118290008.0,-5.71,102527888.0,4.95,60650048.0,2.93,-44884304.0,-2.17,中国海油,2026-05-12 14:34:25
98,公交,-1.12,-16107830.0,-4.33,1540536.0,0.41,-17648366.0,-4.74,-8950157.0,-2.41,25057987.0,6.74,富临运业,2026-05-12 14:34:25
99,综合包装,0.95,-16502179.0,-2.76,-3039291.0,-0.51,-13462888.0,-2.26,1547262.0,0.26,14250967.0,2.39,海顺新材,2026-05-12 14:34:25
100,化妆品制造及其他,-1.59,-16602816.0,-2.41,9734182.0,1.41,-26336998.0,-3.82,8678185.0,1.26,3217520.0,0.47,科思股份,2026-05-12 14:34:25
101,鞋帽及其他,-0.13,-16658642.0,-1.27,-36033826.0,-2.76,19375184.0,1.48,5158512.0,0.39,11500144.0,0.88,天创时尚,2026-05-12 14:34:25
102,汽车经销商,-1.51,-16694170.0,-10.05,-9383976.0,-5.65,-7310194.0,-4.4,7774069.0,4.68,7290324.0,4.39,德众汽车,2026-05-12 14:34:25
103,照明设备Ⅱ,-1.51,-17686883.0,-1.13,-37862771.0,-2.43,20175888.0,1.29,65775120.0,4.21,-47514944.0,-3.04,勤上股份,2026-05-12 14:34:25
104,照明设备Ⅲ,-1.51,-17686883.0,-1.13,-37862771.0,-2.42,20175888.0,1.29,65776496.0,4.21,-47506352.0,-3.04,勤上股份,2026-05-12 14:34:25
105,耐火材料,-1.23,-18520192.0,-0.96,-19697504.0,-1.02,1177312.0,0.06,67093776.0,3.49,-74219136.0,-3.86,北京利尔,2026-05-12 14:34:25
106,其他专业服务,-1.62,-19033784.0,-4.62,-10369963.0,-2.52,-8663821.0,-2.1,-5543566.0,-1.35,24035197.0,5.84,零点有数,2026-05-12 14:34:25
107,其他养殖,-2.26,-19589028.0,-8.81,-7400592.0,-3.33,-12188436.0,-5.48,7707396.0,3.47,11881631.0,5.34,*ST天山,2026-05-12 14:34:25
108,烘焙食品,-1.33,-20071497.0,-3.11,-2875644.0,-0.45,-17195853.0,-2.66,6086050.0,0.94,13985456.0,2.17,桂发祥,2026-05-12 14:34:25
109,快递,-0.8,-20613029.0,-1.35,72840847.0,4.75,-93453876.0,-6.1,-23645088.0,-1.54,44258112.0,2.89,申通快递,2026-05-12 14:34:25
110,钟表珠宝,-1.12,-20967386.0,-1.31,-34027674.0,-2.12,13060288.0,0.82,66719536.0,4.17,-45752160.0,-2.86,飞亚达,2026-05-12 14:34:25
111,园林工程,-0.55,-21422095.0,-0.84,15642545.0,0.62,-37064640.0,-1.46,28383712.0,1.12,-6961616.0,-0.27,*ST东珠,2026-05-12 14:34:25
112,橡胶助剂,-1.63,-21509016.0,-2.33,-5687834.0,-0.62,-15821182.0,-1.72,37208928.0,4.04,-15699904.0,-1.7,阳谷华泰,2026-05-12 14:34:25
113,冶钢原料,-0.88,-22166560.0,-0.76,59805024.0,2.04,-81971584.0,-2.79,-26904480.0,-0.92,49071040.0,1.67,大中矿业,2026-05-12 14:34:25
114,文化用品,-1.69,-22636109.0,-4.72,2785804.0,0.58,-25421913.0,-5.3,14587341.0,3.04,8048769.0,1.68,齐心集团,2026-05-12 14:34:25
115,水产养殖,-2.67,-22778237.0,-8.1,-5574600.0,-1.98,-17203637.0,-6.12,13747781.0,4.89,9030457.0,3.21,獐子岛,2026-05-12 14:34:25
116,其他酒类,-0.35,-23149854.0,-4.58,-12624998.0,-2.5,-10524856.0,-2.08,21561819.0,4.26,1588035.0,0.31,*ST尼雅,2026-05-12 14:34:25
117,其他家电Ⅲ,-2.72,-23503799.0,-8.85,-8108466.0,-3.05,-15395333.0,-5.8,11711355.0,4.41,11792443.0,4.44,奥佳华,2026-05-12 14:34:25
118,其他家电Ⅱ,-2.72,-23503799.0,-8.85,-8108466.0,-3.05,-15395333.0,-5.8,11711355.0,4.41,11792443.0,4.44,奥佳华,2026-05-12 14:34:25
119,其他纺织,-1.55,-23777162.0,-0.7,-43243898.0,-1.27,19466736.0,0.57,34961968.0,1.03,-11184784.0,-0.33,聚杰微纤,2026-05-12 14:34:25
120,渔业,-2.34,-24567433.0,-6.55,-4608107.0,-1.23,-19959326.0,-5.32,16226400.0,4.33,8341034.0,2.22,开创国际,2026-05-12 14:34:25
121,大众出版,-1.24,-24689405.0,-0.68,12253267.0,0.34,-36942672.0,-1.02,66365936.0,1.82,-41788560.0,-1.15,中国科传,2026-05-12 14:34:25
122,房产租赁经纪,0.76,-27496316.0,-3.48,505805.0,0.06,-28002121.0,-3.55,-20512033.0,-2.6,48008356.0,6.08,世联行,2026-05-12 14:34:25
123,餐饮,-2.07,-27913574.0,-16.33,-6544280.0,-3.83,-21369294.0,-12.5,680637.0,0.4,27232937.0,15.93,全 聚 德,2026-05-12 14:34:25
124,跨境物流,-1.4,-28123197.0,-3.05,-14374044.0,-1.56,-13749153.0,-1.49,58671216.0,6.37,-35402576.0,-3.84,东航物流,2026-05-12 14:34:25
125,卫浴制品,-1.57,-28250765.0,-9.64,-9169867.0,-3.13,-19080898.0,-6.51,13701493.0,4.68,14549273.0,4.97,箭牌家居,2026-05-12 14:34:25
126,纯碱,-1.26,-30506076.0,-3.69,-27798418.0,-3.36,-2707658.0,-0.33,42750183.0,5.17,-12244112.0,-1.48,博源化工,2026-05-12 14:34:25
127,酒店,-1.85,-30786199.0,-3.94,-9398315.0,-1.2,-21387884.0,-2.74,-18896092.0,-2.42,49682292.0,6.35,华天酒店,2026-05-12 14:34:25
128,商用载客车,-1.31,-30832272.0,-2.58,-37041843.0,-3.1,6209571.0,0.52,35269744.0,2.95,-4437472.0,-0.37,宇通客车,2026-05-12 14:34:25
129,教育运营及其他,-2.66,-31478877.0,-8.66,-86787.0,-0.02,-31392090.0,-8.64,168928.0,0.05,31309949.0,8.62,*ST国化,2026-05-12 14:34:25
130,物业管理,-0.8,-31678026.0,-5.54,-15014579.0,-2.63,-16663447.0,-2.91,3777618.0,0.66,27900409.0,4.88,中天服务,2026-05-12 14:34:25
131,高速公路,-0.2,-31849617.0,-2.41,-36985649.0,-2.8,5136032.0,0.39,16531056.0,1.25,15314864.0,1.16,宁沪高速,2026-05-12 14:34:25
132,火电设备,-2.07,-33931471.0,-6.76,-4536970.0,-0.9,-29394501.0,-5.86,18551300.0,3.7,15380170.0,3.07,西子洁能,2026-05-12 14:34:25
133,期货,-2.1,-34110969.0,-6.96,-12175835.0,-2.48,-21935134.0,-4.47,-16163753.0,-3.3,50274723.0,10.25,永安期货,2026-05-12 14:34:25
134,其他黑色家电,-1.46,-35113491.0,-3.2,-7781753.0,-0.71,-27331738.0,-2.49,7818752.0,0.71,27294736.0,2.49,同洲电子,2026-05-12 14:34:25
135,旅游综合,-1.57,-36263409.0,-4.43,-51059166.0,-6.24,14795757.0,1.81,43347651.0,5.29,-7084240.0,-0.87,凯撒旅业,2026-05-12 14:34:25
136,基础建设,-0.36,-36425488.0,-0.26,-89347088.0,-0.64,52921600.0,0.38,140398304.0,1.0,-93525168.0,-0.67,中国电建,2026-05-12 14:34:25
137,农用机械,-1.69,-36448715.0,-5.36,-3748431.0,-0.55,-32700284.0,-4.8,4286926.0,0.63,32047599.0,4.71,丰安股份,2026-05-12 14:34:25
138,洗护用品,-3.53,-37642916.0,-9.98,-24719483.0,-6.55,-12923433.0,-3.43,7720929.0,2.05,29921989.0,7.93,倍加洁,2026-05-12 14:34:25
139,厨卫电器,-1.11,-38527955.0,-3.54,47665.0,0.0,-38575620.0,-3.54,15631904.0,1.43,22896032.0,2.1,日出东方,2026-05-12 14:34:25
140,医疗美容,-1.29,-38852285.0,-6.71,-13465513.0,-2.33,-25386772.0,-4.39,10587943.0,1.83,3803900.0,0.66,*ST美谷,2026-05-12 14:34:25
141,医美耗材,-2.2,-38952793.0,-7.32,-12782575.0,-2.4,-26170218.0,-4.92,6653418.0,1.25,7838934.0,1.47,华熙生物,2026-05-12 14:34:25
142,汽车综合服务,-3.2,-39606229.0,-5.8,-25661880.0,-3.76,-13944349.0,-2.04,54622898.0,8.0,-15016670.0,-2.2,浩物股份,2026-05-12 14:34:25
143,厨房电器,-1.71,-40933399.0,-4.85,-4513971.0,-0.54,-36419428.0,-4.32,4550276.0,0.54,36383120.0,4.31,浙江美大,2026-05-12 14:34:25
144,保健品,0.04,-41141313.0,-4.35,-35735557.0,-3.78,-5405756.0,-0.57,23349968.0,2.47,16011458.0,1.69,交大昂立,2026-05-12 14:34:25
145,动物保健Ⅱ,-2.2,-41400656.0,-3.92,-19481566.0,-1.84,-21919090.0,-2.07,39830800.0,3.77,-6138560.0,-0.58,贤丰控股,2026-05-12 14:34:25
146,动物保健Ⅲ,-2.21,-41740024.0,-3.95,-19481566.0,-1.84,-22258458.0,-2.1,40086688.0,3.79,-6055088.0,-0.57,贤丰控股,2026-05-12 14:34:25
147,机床工具,-0.33,-42866896.0,-0.69,-64509312.0,-1.04,21642416.0,0.35,-21529472.0,-0.35,60797472.0,0.98,秦川机床,2026-05-12 14:34:25
148,棉纺,-0.35,-42941655.0,-3.56,-4766279.0,-0.39,-38175376.0,-3.16,26242176.0,2.17,16700368.0,1.38,孚日股份,2026-05-12 14:34:25
149,粘胶,-1.76,-44731893.0,-5.04,-32957085.0,-3.72,-11774808.0,-1.33,-6964259.0,-0.79,51696144.0,5.83,新乡化纤,2026-05-12 14:34:25
150,涤纶,-2.4,-45194234.0,-4.51,-38559475.0,-3.85,-6634759.0,-0.66,4762272.0,0.48,40430176.0,4.04,海 利 得,2026-05-12 14:34:25
151,人工景区,-1.0,-51192266.0,-11.81,-30500799.0,-7.04,-20691467.0,-4.77,27928389.0,6.44,23263877.0,5.37,大连圣亚,2026-05-12 14:34:25
152,金属包装,0.12,-51512672.0,-2.07,-9686144.0,-0.39,-41826528.0,-1.68,-39302048.0,-1.58,90814720.0,3.64,华源控股,2026-05-12 14:34:25
153,炭黑,-1.79,-52687696.0,-6.74,-8104621.0,-1.04,-44583075.0,-5.7,-4744528.0,-0.61,57432220.0,7.34,黑猫股份,2026-05-12 14:34:25
154,其他医疗服务,-2.54,-53344078.0,-7.98,-14251085.0,-2.13,-39092993.0,-5.84,10984310.0,1.64,34779867.0,5.2,数字人,2026-05-12 14:34:25
155,综合电商,-1.67,-53404384.0,-10.88,-41876077.0,-8.53,-11528307.0,-2.35,17529251.0,3.57,35875132.0,7.31,ST通葡,2026-05-12 14:34:25
156,公路货运,-2.77,-53753932.0,-12.83,-40993464.0,-9.79,-12760468.0,-3.05,33513303.0,8.0,20240629.0,4.83,长久物流,2026-05-12 14:34:25
157,国有大型银行Ⅲ,0.11,-53762528.0,-0.84,250844272.0,3.91,-304606800.0,-4.74,-20899632.0,-0.33,74662128.0,1.16,工商银行,2026-05-12 14:34:25
158,端到端供应链服务,-3.15,-53859451.0,-9.82,-10154992.0,-1.85,-43704459.0,-7.97,23564587.0,4.3,30294864.0,5.52,飞力达,2026-05-12 14:34:25
159,肉鸡养殖,-1.67,-54264165.0,-5.53,-23412249.0,-2.39,-30851916.0,-3.14,52017376.0,5.3,2246784.0,0.23,圣农发展,2026-05-12 14:34:25
160,水泥制造,-0.28,-56111920.0,-1.91,44344336.0,1.51,-100456256.0,-3.41,9287552.0,0.32,46822224.0,1.59,上峰水泥,2026-05-12 14:34:25
161,汽车服务,-2.19,-56300399.0,-6.64,-35045856.0,-4.13,-21254543.0,-2.5,62392549.0,7.35,-7719248.0,-0.91,浩物股份,2026-05-12 14:34:25
162,血液制品,-1.22,-56451039.0,-8.7,-38529641.0,-5.94,-17921398.0,-2.76,36217638.0,5.58,20233401.0,3.12,卫光生物,2026-05-12 14:34:25
163,其他橡胶制品,-1.36,-57837321.0,-3.03,-39997369.0,-2.1,-17839952.0,-0.94,23736704.0,1.24,15637664.0,0.82,科创新源,2026-05-12 14:34:25
164,酒店餐饮,-1.93,-58706943.0,-6.16,-15942595.0,-1.67,-42764348.0,-4.49,-18210992.0,-1.91,76917936.0,8.07,华天酒店,2026-05-12 14:34:25
165,零食,-0.2,-58902515.0,-3.13,-42717683.0,-2.27,-16184832.0,-0.86,46519232.0,2.47,12385264.0,0.66,盐津铺子,2026-05-12 14:34:25
166,大宗用纸,-2.32,-60077923.0,-3.87,-97312291.0,-6.26,37234368.0,2.4,51581776.0,3.32,8496144.0,0.55,太阳纸业,2026-05-12 14:34:25
167,房地产服务,-0.51,-62095086.0,-4.4,-15774814.0,-1.12,-46320272.0,-3.28,-19923760.0,-1.41,82018848.0,5.81,世联行,2026-05-12 14:34:25
168,多业态零售,-1.96,-63445607.0,-5.67,-35945434.0,-3.21,-27500173.0,-2.46,73932688.0,6.6,-10649408.0,-0.95,合百集团,2026-05-12 14:34:25
169,宠物食品,-2.29,-64033365.0,-10.72,-35687791.0,-5.97,-28345574.0,-4.75,-7845444.0,-1.31,68842200.0,11.52,路斯股份,2026-05-12 14:34:25
170,粮油加工,-1.68,-64073103.0,-8.11,-51744955.0,-6.55,-12328148.0,-1.56,55092980.0,6.97,8980128.0,1.14,嘉华股份,2026-05-12 14:34:25
171,种子,-1.67,-64534274.0,-4.55,-45638674.0,-3.22,-18895600.0,-1.33,63552992.0,4.48,-3132960.0,-0.22,农发种业,2026-05-12 14:34:25
172,农商行Ⅲ,-0.34,-65162710.0,-4.07,-10687366.0,-0.67,-54475344.0,-3.4,22626080.0,1.41,42537360.0,2.65,常熟银行,2026-05-12 14:34:25
173,涂料油墨,-0.93,-65749203.0,-3.45,-41466131.0,-2.18,-24283072.0,-1.28,-23937520.0,-1.26,89686720.0,4.71,百合花,2026-05-12 14:34:25
174,专业连锁Ⅱ,-1.79,-66715897.0,-4.93,-63470105.0,-4.69,-3245792.0,-0.24,74129072.0,5.47,-7413168.0,-0.55,天音控股,2026-05-12 14:34:25
175,专业连锁Ⅲ,-1.79,-66728489.0,-4.93,-63470105.0,-4.69,-3258384.0,-0.24,74198912.0,5.48,-7470432.0,-0.55,天音控股,2026-05-12 14:34:25
176,教育出版,-0.7,-66854136.0,-8.16,-40192226.0,-4.9,-26661910.0,-3.25,3411643.0,0.42,63442480.0,7.74,龙版传媒,2026-05-12 14:34:25
177,院线,-0.74,-71531462.0,-11.27,-42902700.0,-6.76,-28628762.0,-4.51,23865275.0,3.76,47666188.0,7.51,幸福蓝海,2026-05-12 14:34:25
178,综合环境治理,-0.7,-71846242.0,-2.69,-61172418.0,-2.29,-10673824.0,-0.4,43592448.0,1.63,28253792.0,1.06,东湖高新,2026-05-12 14:34:25
179,运动服装,-0.73,-73262534.0,-6.06,-40013894.0,-3.31,-33248640.0,-2.75,8864624.0,0.73,64397920.0,5.33,嘉麟杰,2026-05-12 14:34:25
180,机场,-0.72,-73999205.0,-11.51,-28008715.0,-4.36,-45990490.0,-7.16,6411323.0,1.0,67587883.0,10.52,厦门空港,2026-05-12 14:34:25
181,住宅开发,-0.09,-75204976.0,-0.35,74319248.0,0.35,-149524224.0,-0.7,-160608000.0,-0.76,236345856.0,1.11,深振业Ａ,2026-05-12 14:34:25
182,港口,-0.17,-76404848.0,-2.53,-71571184.0,-2.37,-4833664.0,-0.16,23233056.0,0.77,53171152.0,1.76,重庆港,2026-05-12 14:34:25
183,管材,-2.71,-76673496.0,-9.25,-29594775.0,-3.57,-47078721.0,-5.68,26255520.0,3.17,50417966.0,6.08,*ST顾地,2026-05-12 14:34:25
184,软饮料,-1.03,-76784474.0,-4.62,-14643258.0,-0.88,-62141216.0,-3.74,44446768.0,2.67,32337712.0,1.94,承德露露,2026-05-12 14:34:25
185,瓷砖地板,-0.46,-77306400.0,-6.1,-63235154.0,-4.99,-14071246.0,-1.11,32072656.0,2.53,45233760.0,3.57,东鹏控股,2026-05-12 14:34:25
186,纺织制造,-0.86,-77564368.0,-1.3,-71391776.0,-1.2,-6172592.0,-0.1,164621568.0,2.77,-86672704.0,-1.46,聚杰微纤,2026-05-12 14:34:25
187,资产管理,0.21,-78323647.0,-8.16,-20214773.0,-2.1,-58108874.0,-6.05,9619712.0,1.0,68703936.0,7.15,四川双马,2026-05-12 14:34:25
188,预加工食品,-1.71,-78395111.0,-6.45,-20991791.0,-1.73,-57403320.0,-4.72,14303408.0,1.18,58257920.0,4.79,春雪食品,2026-05-12 14:34:25
189,自然景区,-0.81,-78500469.0,-6.75,-29329802.0,-2.52,-49170667.0,-4.23,17387984.0,1.49,61123728.0,5.25,长白山,2026-05-12 14:34:25
190,油气及炼化工程,-1.9,-78543935.0,-4.91,-28446607.0,-1.78,-50097328.0,-3.13,7059264.0,0.44,71484688.0,4.47,惠博普,2026-05-12 14:34:25
191,油田服务,-0.75,-78549034.0,-5.46,-22859498.0,-1.59,-55689536.0,-3.87,909824.0,0.06,55317040.0,3.84,*ST准油,2026-05-12 14:34:25
192,图片媒体,-2.52,-78814216.0,-12.42,-25738956.0,-4.06,-53075260.0,-8.36,-3529506.0,-0.56,82343716.0,12.98,视觉中国,2026-05-12 14:34:25
193,仓储物流,-2.41,-82648873.0,-10.04,-41087907.0,-4.99,-41560966.0,-5.05,13174593.0,1.6,69474288.0,8.44,保税科技,2026-05-12 14:34:25
194,化学工程,-1.32,-83192190.0,-5.92,5988242.0,0.43,-89180432.0,-6.34,8909216.0,0.63,74274560.0,5.28,ST百利,2026-05-12 14:34:25
195,仪器仪表,-0.85,-83902560.0,-0.45,-214812768.0,-1.16,130910208.0,0.71,-10605312.0,-0.06,72899008.0,0.39,精测电子,2026-05-12 14:34:25
196,休闲食品,-0.79,-83943692.0,-3.06,-53468636.0,-1.95,-30475056.0,-1.11,51735216.0,1.88,32208464.0,1.17,盐津铺子,2026-05-12 14:34:25
197,食用菌,-2.73,-84267200.0,-13.29,-36417780.0,-5.74,-47849420.0,-7.55,78900.0,0.01,84188303.0,13.28,博闻科技,2026-05-12 14:34:25
198,乳品,-2.18,-84663088.0,-2.64,-107615216.0,-3.36,22952128.0,0.72,33206240.0,1.04,40681488.0,1.27,皇氏集团,2026-05-12 14:34:25
199,其他化学纤维,-0.77,-85510736.0,-2.23,35745776.0,0.93,-121256512.0,-3.17,58128512.0,1.52,4342128.0,0.11,泰和新材,2026-05-12 14:34:25
200,楼宇设备,-0.64,-85643312.0,-5.21,-85556752.0,-5.2,-86560.0,-0.01,96436304.0,5.87,-12521968.0,-0.76,通用电梯,2026-05-12 14:34:25
201,其他运输设备,-2.81,-89723104.0,-8.47,-37697699.0,-3.56,-52025405.0,-4.91,38720080.0,3.65,51009584.0,4.81,信隆健康,2026-05-12 14:34:25
202,租赁,-1.77,-89767059.0,-9.49,-48069335.0,-5.08,-41697724.0,-4.41,27871328.0,2.95,61869328.0,6.54,江苏金租,2026-05-12 14:34:25
203,出版,-1.04,-91543552.0,-2.05,-27938960.0,-0.63,-63604592.0,-1.43,69777568.0,1.57,21653936.0,0.49,中国科传,2026-05-12 14:34:25
204,家居用品,-0.82,-92666528.0,-1.16,-91292224.0,-1.14,-1374304.0,-0.02,154897856.0,1.93,-71248608.0,-0.89,ST喜临门,2026-05-12 14:34:25
205,大气治理,-0.99,-95131076.0,-6.46,-56488868.0,-3.84,-38642208.0,-2.62,36791712.0,2.5,58247376.0,3.96,电投水电,2026-05-12 14:34:25
206,其他种植业,-2.37,-95556904.0,-8.49,-77192318.0,-6.86,-18364586.0,-1.63,28203328.0,2.51,67173280.0,5.97,新农开发,2026-05-12 14:34:25
207,特种纸,-1.21,-103017107.0,-3.75,-96912675.0,-3.53,-6104432.0,-0.22,77205904.0,2.81,46046816.0,1.68,民士达,2026-05-12 14:34:25
208,厨房小家电,-0.4,-103685118.0,-13.51,-18263585.0,-2.38,-85421533.0,-11.13,-5594468.0,-0.73,108406889.0,14.12,利仁科技,2026-05-12 14:34:25
209,产业地产,-1.14,-108306529.0,-5.73,-61711745.0,-3.26,-46594784.0,-2.47,-120810480.0,-6.39,229290480.0,12.13,*ST华幸,2026-05-12 14:34:25
210,印刷包装机械,-1.81,-113809966.0,-7.28,-36237774.0,-2.32,-77572192.0,-4.97,-45096992.0,-2.89,154963312.0,9.92,鸿铭股份,2026-05-12 14:34:25
211,其他建材Ⅲ,-1.2,-114938906.0,-3.77,-147717418.0,-4.85,32778512.0,1.08,20483024.0,0.67,94457504.0,3.1,友邦吊顶,2026-05-12 14:34:25
212,其他农产品加工,-1.59,-115878243.0,-9.79,-85376661.0,-7.21,-30501582.0,-2.58,58396576.0,4.93,56435040.0,4.77,祖名股份,2026-05-12 14:34:25
213,油品石化贸易,-1.51,-117099838.0,-6.79,-55197790.0,-3.2,-61902048.0,-3.59,25355248.0,1.47,91749936.0,5.32,和顺石油,2026-05-12 14:34:25
214,非运动服装,-0.72,-121091141.0,-2.74,-48471445.0,-1.1,-72619696.0,-1.64,50474288.0,1.14,70616848.0,1.6,ST如意,2026-05-12 14:34:25
215,啤酒,-1.37,-121507661.0,-10.01,-55470344.0,-4.57,-66037317.0,-5.44,59665888.0,4.92,61839008.0,5.1,*ST兰黄,2026-05-12 14:34:25
216,分立器件,0.76,-122544128.0,-0.5,-332634880.0,-1.35,210090752.0,0.85,214364928.0,0.87,-92176032.0,-0.37,新洁能,2026-05-12 14:34:25
217,钾肥,2.55,-123407360.0,-2.03,-104517504.0,-1.72,-18889856.0,-0.31,11831056.0,0.19,111576304.0,1.84,亚钾国际,2026-05-12 14:34:25
218,电信运营商,-0.78,-125035264.0,-4.52,-29252528.0,-1.06,-95782736.0,-3.47,140839040.0,5.1,-15862528.0,-0.57,中国电信,2026-05-12 14:34:25
219,水务及水治理,-0.87,-128096928.0,-2.08,-48905888.0,-0.79,-79191040.0,-1.29,50582656.0,0.82,77452704.0,1.26,兴蓉环境,2026-05-12 14:34:25
220,电商服务,-3.0,-129690912.0,-5.96,-146796544.0,-6.75,17105632.0,0.79,69869392.0,3.21,59821520.0,2.75,若羽臣,2026-05-12 14:34:25
221,冶钢辅料,-0.96,-131784866.0,-13.89,-55429856.0,-5.84,-76355010.0,-8.05,-16104456.0,-1.7,147889328.0,15.59,鄂资Ｂ股,2026-05-12 14:34:25
222,橡胶,-1.5,-132030464.0,-3.66,-53789824.0,-1.49,-78240640.0,-2.17,56187456.0,1.56,57397984.0,1.59,科创新源,2026-05-12 14:34:25
223,医疗设备,-1.59,-133809840.0,-1.56,-125939936.0,-1.47,-7869904.0,-0.09,15988768.0,0.19,110696304.0,1.29,海泰新光,2026-05-12 14:34:25
224,娱乐用品,-2.19,-134905258.0,-4.82,-52782058.0,-1.89,-82123200.0,-2.93,35985888.0,1.29,98921872.0,3.53,群兴玩具,2026-05-12 14:34:25
225,地面兵装Ⅲ,1.08,-138345648.0,-1.81,-10317984.0,-0.13,-128027664.0,-1.67,107432544.0,1.41,31011216.0,0.41,光电股份,2026-05-12 14:34:25
226,地面兵装Ⅱ,1.08,-138345648.0,-1.81,-10317984.0,-0.13,-128027664.0,-1.67,107432544.0,1.41,31011216.0,0.41,光电股份,2026-05-12 14:34:25
227,生活用纸,-2.78,-140654042.0,-12.5,-98336852.0,-8.74,-42317190.0,-3.76,64307360.0,5.72,76346688.0,6.79,可靠股份,2026-05-12 14:34:25
228,有机硅,-1.26,-141964210.0,-6.87,-59111602.0,-2.86,-82852608.0,-4.01,10477344.0,0.51,131482400.0,6.37,回天新材,2026-05-12 14:34:25
229,国际工程,-2.16,-142509120.0,-11.7,-40104179.0,-3.29,-102404941.0,-8.41,3904400.0,0.32,138668848.0,11.38,中材国际,2026-05-12 14:34:25
230,线下药店,-1.91,-143338850.0,-12.0,-54975077.0,-4.6,-88363773.0,-7.4,9362832.0,0.78,133978368.0,11.22,大参林,2026-05-12 14:34:25
231,非白酒,-0.79,-144636486.0,-8.41,-68096726.0,-3.96,-76539760.0,-4.45,81342064.0,4.73,63294432.0,3.68,*ST尼雅,2026-05-12 14:34:25
232,冰洗,-0.89,-145099445.0,-9.61,-106331957.0,-7.04,-38767488.0,-2.57,27809440.0,1.84,117292128.0,7.77,*ST康佳B,2026-05-12 14:34:25
233,特钢Ⅲ,-1.69,-145647874.0,-5.71,-130804290.0,-5.13,-14843584.0,-0.58,39302640.0,1.54,106341936.0,4.17,中信特钢,2026-05-12 14:34:25
234,特钢Ⅱ,-1.69,-145647874.0,-5.71,-130804290.0,-5.13,-14843584.0,-0.58,39302640.0,1.54,106341936.0,4.17,中信特钢,2026-05-12 14:34:25
235,工程机械器件,-1.66,-146207865.0,-5.76,-95275321.0,-3.76,-50932544.0,-2.01,34867648.0,1.37,103579168.0,4.08,唯万密封,2026-05-12 14:34:25
236,装修建材,-1.06,-147362672.0,-2.02,-185253936.0,-2.54,37891264.0,0.52,115605216.0,1.59,6208128.0,0.09,北京利尔,2026-05-12 14:34:25
237,制冷空调设备,-0.78,-147459712.0,-2.4,-152437872.0,-2.48,4978160.0,0.08,186999920.0,3.05,-40253456.0,-0.66,申菱环境,2026-05-12 14:34:25
238,其他石化,-1.31,-148612565.0,-5.77,-152366885.0,-5.92,3754320.0,0.15,26632784.0,1.03,121979776.0,4.74,渤海化学,2026-05-12 14:34:25
239,诊断服务,-4.37,-150856704.0,-8.22,-107839696.0,-5.88,-43017008.0,-2.34,80530928.0,4.39,70325760.0,3.83,兰卫医学,2026-05-12 14:34:25
240,焦煤,-1.24,-151525435.0,-7.28,-92903451.0,-4.46,-58621984.0,-2.82,-7552576.0,-0.36,159090672.0,7.64,盘江股份,2026-05-12 14:34:25
241,超市,-2.01,-154027296.0,-15.05,-92984371.0,-9.08,-61042925.0,-5.96,40296064.0,3.94,113731232.0,11.11,家家悦,2026-05-12 14:34:25
242,医疗耗材,-1.09,-155524320.0,-1.94,-11316432.0,-0.14,-144207888.0,-1.8,129496720.0,1.61,-16682800.0,-0.21,微电生理,2026-05-12 14:34:25
243,城商行Ⅲ,-0.25,-155979456.0,-3.03,-477984.0,-0.01,-155501472.0,-3.02,120295120.0,2.34,35698640.0,0.69,江苏银行,2026-05-12 14:34:25
244,油服工程,-1.18,-157076436.0,-5.17,-51306100.0,-1.69,-105770336.0,-3.48,7974160.0,0.26,126742448.0,4.17,*ST准油,2026-05-12 14:34:25
245,保险Ⅱ,-0.77,-157385280.0,-1.99,-103259984.0,-1.3,-54125296.0,-0.68,-33567040.0,-0.42,190955504.0,2.41,中国人保,2026-05-12 14:34:25
246,保险Ⅲ,-0.77,-157385280.0,-1.99,-103259984.0,-1.3,-54125296.0,-0.68,-33567040.0,-0.42,190955504.0,2.41,中国人保,2026-05-12 14:34:25
247,文娱用品,-2.08,-157541374.0,-4.81,-49996254.0,-1.53,-107545120.0,-3.28,50544672.0,1.54,106996704.0,3.26,群兴玩具,2026-05-12 14:34:25
248,饮料乳品,-1.84,-160922960.0,-3.31,-121748848.0,-2.5,-39174112.0,-0.8,77556992.0,1.59,72554224.0,1.49,皇氏集团,2026-05-12 14:34:25
249,配电设备,0.33,-162206320.0,-1.67,60097696.0,0.62,-222304016.0,-2.29,-14496880.0,-0.15,174809952.0,1.8,柘中股份,2026-05-12 14:34:25
250,造纸,-1.76,-163004144.0,-3.79,-194224960.0,-4.52,31220816.0,0.73,128622448.0,2.99,54602480.0,1.27,太阳纸业,2026-05-12 14:34:25
251,培训教育,-1.41,-163269547.0,-13.47,-68570753.0,-5.66,-94698794.0,-7.81,56740576.0,4.68,106528976.0,8.79,*ST高科,2026-05-12 14:34:25
252,旅游及景区,-1.06,-164820770.0,-6.83,-109356322.0,-4.53,-55464448.0,-2.3,88176112.0,3.65,76644672.0,3.18,凯撒旅业,2026-05-12 14:34:25
253,品牌化妆品,-1.39,-167532985.0,-11.93,-92220569.0,-6.57,-75312416.0,-5.36,33710720.0,2.4,133823600.0,9.53,丸美生物,2026-05-12 14:34:25
254,纺织服装设备,-1.38,-167805520.0,-4.37,-136522608.0,-3.55,-31282912.0,-0.81,-28543168.0,-0.74,196250192.0,5.11,泰坦股份,2026-05-12 14:34:25
255,房地产开发,-0.2,-169405056.0,-0.66,-55334016.0,-0.22,-114071040.0,-0.45,-336871424.0,-1.32,506944256.0,1.99,深振业Ａ,2026-05-12 14:34:25
256,锦纶,-3.17,-169603382.0,-16.39,-48678418.0,-4.7,-120924964.0,-11.68,90567054.0,8.75,79045472.0,7.64,聚合顺,2026-05-12 14:34:25
257,摩托车,-0.09,-172672105.0,-10.26,-67521113.0,-4.01,-105150992.0,-6.25,-12250080.0,-0.73,185896720.0,11.05,永安行,2026-05-12 14:34:25
258,氮肥,-2.81,-174035779.0,-7.6,-27006739.0,-1.18,-147029040.0,-6.42,-16792032.0,-0.73,190827808.0,8.34,华鲁恒升,2026-05-12 14:34:25
259,广告媒体,-1.17,-174086543.0,-15.41,-33661112.0,-2.98,-140425431.0,-12.43,87212739.0,7.72,86873792.0,7.69,兆讯传媒,2026-05-12 14:34:25
260,焦炭Ⅱ,-2.47,-174227636.0,-16.73,-72674874.0,-6.98,-101552762.0,-9.75,24304176.0,2.33,149913456.0,14.4,云煤能源,2026-05-12 14:34:25
261,焦炭Ⅲ,-2.49,-174227636.0,-16.73,-72674874.0,-6.98,-101552762.0,-9.75,24270448.0,2.33,149975600.0,14.4,云煤能源,2026-05-12 14:34:25
262,贸易Ⅱ,-1.4,-174479504.0,-5.49,-66243744.0,-2.08,-108235760.0,-3.4,-53328896.0,-1.68,227777904.0,7.16,东方创业,2026-05-12 14:34:25
263,贸易Ⅲ,-1.41,-174481344.0,-5.49,-66243744.0,-2.08,-108237600.0,-3.4,-53238032.0,-1.67,227737808.0,7.16,东方创业,2026-05-12 14:34:25
264,个护用品,-3.02,-178068659.0,-11.85,-123056336.0,-8.19,-55012323.0,-3.66,71830272.0,4.78,106256720.0,7.07,可靠股份,2026-05-12 14:34:25
265,化妆品,-1.48,-183945907.0,-8.79,-82486387.0,-3.94,-101459520.0,-4.85,42430496.0,2.03,136796480.0,6.53,科思股份,2026-05-12 14:34:25
266,农产品加工,-0.9,-186222625.0,-7.32,-130345841.0,-5.12,-55876784.0,-2.2,96473424.0,3.79,87888064.0,3.45,安德利,2026-05-12 14:34:25
267,调味发酵品Ⅲ,-1.17,-192843488.0,-4.56,31005504.0,0.73,-223848992.0,-5.3,66572832.0,1.58,121245536.0,2.87,天味食品,2026-05-12 14:34:25
268,调味发酵品Ⅱ,-1.18,-192893280.0,-4.56,30955712.0,0.73,-223848992.0,-5.3,66562976.0,1.58,121333280.0,2.87,天味食品,2026-05-12 14:34:25
269,纺织化学制品,-3.04,-196264423.0,-7.18,-105238119.0,-3.85,-91026304.0,-3.33,21833152.0,0.8,174438752.0,6.38,亚邦股份,2026-05-12 14:34:25
270,聚氨酯,-1.68,-197462020.0,-5.94,-92585588.0,-2.78,-104876432.0,-3.15,20330816.0,0.61,170324304.0,5.12,高盟新材,2026-05-12 14:34:25
271,物流,-1.72,-202021680.0,-3.49,10553024.0,0.18,-212574704.0,-3.68,37527472.0,0.65,159678960.0,2.76,建发股份,2026-05-12 14:34:25
272,机器人,-0.35,-203148160.0,-2.26,-134208816.0,-1.5,-68939344.0,-0.77,86578048.0,0.97,96828592.0,1.08,拓斯达,2026-05-12 14:34:25
273,教育,-1.74,-203171717.0,-11.52,-70914741.0,-4.02,-132256976.0,-7.5,74798080.0,4.24,128373632.0,7.28,*ST高科,2026-05-12 14:34:25
274,清洁小家电,-2.34,-206049389.0,-11.57,-92221837.0,-5.18,-113827552.0,-6.39,83290160.0,4.68,122774768.0,6.89,莱克电气,2026-05-12 14:34:25
275,改性塑料,-0.79,-206643856.0,-4.8,-99429440.0,-2.31,-107214416.0,-2.49,-18090608.0,-0.42,211625024.0,4.91,星辉环材,2026-05-12 14:34:25
276,电视广播Ⅲ,-1.63,-208692808.0,-8.78,-133528568.0,-5.62,-75164240.0,-3.16,32674240.0,1.37,173643360.0,7.31,无线传媒,2026-05-12 14:34:25
277,电视广播Ⅱ,-1.63,-208692808.0,-8.78,-133528568.0,-5.62,-75164240.0,-3.16,32674240.0,1.37,173643360.0,7.31,无线传媒,2026-05-12 14:34:25
278,印刷,-3.03,-214554772.0,-17.99,-129505765.0,-10.86,-85049007.0,-7.13,26341904.0,2.21,185129456.0,15.53,江天科技,2026-05-12 14:34:25
279,农药,-1.68,-214749582.0,-4.97,-113573406.0,-2.63,-101176176.0,-2.34,147691872.0,3.42,61745280.0,1.43,利尔化学,2026-05-12 14:34:25
280,百货,-2.07,-217040440.0,-9.31,-96695736.0,-4.15,-120344704.0,-5.16,104964960.0,4.5,112078848.0,4.81,茂业商业,2026-05-12 14:34:25
281,复合肥,-2.17,-217869173.0,-9.94,-164987605.0,-7.53,-52881568.0,-2.41,74130112.0,3.38,146653440.0,6.69,农大科技,2026-05-12 14:34:25
282,畜禽饲料,-3.39,-218629079.0,-16.4,-133596041.0,-10.02,-85033038.0,-6.38,68559120.0,5.14,150069952.0,11.25,禾丰股份,2026-05-12 14:34:25
283,装修装饰Ⅲ,-0.75,-218947440.0,-3.07,-79075648.0,-1.11,-139871792.0,-1.96,-80806992.0,-1.13,299754432.0,4.21,金 螳 螂,2026-05-12 14:34:25
284,装修装饰Ⅱ,-0.74,-219019664.0,-3.07,-79075648.0,-1.11,-139944016.0,-1.96,-80626096.0,-1.13,299645776.0,4.21,金 螳 螂,2026-05-12 14:34:25
285,炼油化工,-0.23,-220293680.0,-3.55,-250359728.0,-4.03,30066048.0,0.48,253640928.0,4.09,-33343248.0,-0.54,荣盛石化,2026-05-12 14:34:25
286,非银金融,-0.32,-220310272.0,-0.38,550755840.0,0.96,-771066112.0,-1.34,-230142464.0,-0.4,450358784.0,0.79,长城证券,2026-05-12 14:34:25
287,其他汽车零部件,-0.9,-221251072.0,-1.72,55322080.0,0.43,-276573152.0,-2.16,47161136.0,0.37,147717968.0,1.15,成飞集成,2026-05-12 14:34:25
288,股份制银行Ⅲ,-0.28,-223902240.0,-2.68,-432584048.0,-5.17,208681808.0,2.49,-155812640.0,-1.86,379678352.0,4.54,招商银行,2026-05-12 14:34:25
289,服装家纺,-0.42,-224256272.0,-2.76,-113541344.0,-1.4,-110714928.0,-1.36,30289232.0,0.37,191416624.0,2.36,ST如意,2026-05-12 14:34:25
290,文字媒体,-2.25,-228882406.0,-12.41,-165689238.0,-8.99,-63193168.0,-3.43,56366640.0,3.06,172515776.0,9.36,掌阅科技,2026-05-12 14:34:25
291,房地产,-0.24,-231500256.0,-0.86,-71108832.0,-0.26,-160391424.0,-0.6,-356795136.0,-1.33,588963072.0,2.19,深振业Ａ,2026-05-12 14:34:25
292,原料药,-1.01,-231562864.0,-1.84,-125838992.0,-1.0,-105723872.0,-0.84,122452880.0,0.97,90667264.0,0.72,博瑞医药,2026-05-12 14:34:25
293,火力发电,1.45,-241086720.0,-0.7,-117954304.0,-0.34,-123132416.0,-0.36,265976064.0,0.77,-24834560.0,-0.07,晋控电力,2026-05-12 14:34:25
294,通信网络设备及器件,0.57,-241182976.0,-0.16,76062976.0,0.05,-317245952.0,-0.21,-2544120832.0,-1.66,2729569280.0,1.78,中际旭创,2026-05-12 14:34:25
295,氯碱,-1.49,-241281232.0,-6.73,-111678160.0,-3.11,-129603072.0,-3.61,101146224.0,2.82,140136112.0,3.91,新金路,2026-05-12 14:34:25
296,种植业,-2.0,-241971322.0,-6.53,-171778794.0,-4.64,-70192528.0,-1.89,118342896.0,3.19,119333840.0,3.22,北大荒,2026-05-12 14:34:25
297,跨境电商,-1.9,-245433103.0,-10.66,-114465151.0,-4.97,-130967952.0,-5.69,-18706800.0,-0.81,264139904.0,11.47,吉宏股份,2026-05-12 14:34:25
298,无机盐,-0.52,-255535216.0,-4.22,-156894416.0,-2.59,-98640800.0,-1.63,107694352.0,1.78,147876640.0,2.44,振华股份,2026-05-12 14:34:25
299,钴,-4.31,-257873058.0,-14.24,-117785058.0,-6.5,-140088000.0,-7.73,107607248.0,5.94,150265824.0,8.3,腾远钴业,2026-05-12 14:34:25
300,金融控股,-1.37,-259481296.0,-9.83,-193064800.0,-7.32,-66416496.0,-2.52,111269024.0,4.22,148212832.0,5.62,国投资本,2026-05-12 14:34:25
301,摩托车及其他,-1.53,-262392924.0,-9.57,-105218812.0,-3.84,-157174112.0,-5.73,26421136.0,0.96,236943648.0,8.64,永安行,2026-05-12 14:34:25
302,品牌消费电子,-2.15,-262761808.0,-6.88,-247590560.0,-6.48,-15171248.0,-0.4,144838320.0,3.79,124421712.0,3.26,绿联科技,2026-05-12 14:34:25
303,民爆制品,-1.83,-269207343.0,-7.42,-125634767.0,-3.46,-143572576.0,-3.96,16131744.0,0.44,253074736.0,6.98,高争民爆,2026-05-12 14:34:25
304,磨具磨料,-0.51,-275481472.0,-2.96,-64186528.0,-0.69,-211294944.0,-2.27,20315504.0,0.22,259563296.0,2.78,黄河旋风,2026-05-12 14:34:25
305,综合乘用车,-1.92,-281237053.0,-15.5,-118824813.0,-6.55,-162412240.0,-8.95,104559728.0,5.76,176677328.0,9.74,海马汽车,2026-05-12 14:34:25
306,肉制品,-4.19,-285475619.0,-16.82,-68273315.0,-4.02,-217202304.0,-12.8,22172048.0,1.31,263303552.0,15.52,广弘控股,2026-05-12 14:34:25
307,航空装备Ⅱ,-0.99,-286648576.0,-0.77,-47663360.0,-0.13,-238985216.0,-0.64,-208036096.0,-0.56,496082944.0,1.33,菲利华,2026-05-12 14:34:25
308,航空装备Ⅲ,-0.99,-286648576.0,-0.77,-47663360.0,-0.13,-238985216.0,-0.64,-208036096.0,-0.56,496082944.0,1.33,菲利华,2026-05-12 14:34:25
309,饲料,-2.58,-297595306.0,-10.0,-214603834.0,-7.21,-82991472.0,-2.79,124454816.0,4.18,170103872.0,5.72,禾丰股份,2026-05-12 14:34:25
310,房屋建设Ⅱ,-1.58,-298114304.0,-8.83,-229360896.0,-6.79,-68753408.0,-2.04,58520304.0,1.73,239596384.0,7.09,ST龙元,2026-05-12 14:34:25
311,房屋建设Ⅲ,-1.53,-298171360.0,-8.83,-229360896.0,-6.79,-68810464.0,-2.04,58616016.0,1.74,239540928.0,7.09,ST龙元,2026-05-12 14:34:25
312,其他自动化设备,-1.32,-300831792.0,-2.54,-99780864.0,-0.84,-201050928.0,-1.7,-45445168.0,-0.38,321893376.0,2.72,罗博特科,2026-05-12 14:34:25
313,轮胎轮毂,-1.44,-302979318.0,-9.49,-119925750.0,-3.76,-183053568.0,-5.73,90329152.0,2.83,212648688.0,6.66,海安集团,2026-05-12 14:34:25
314,其他通信设备,-1.34,-305579472.0,-7.11,-188731904.0,-4.39,-116847568.0,-2.72,66724896.0,1.55,236302800.0,5.5,坤恒顺维,2026-05-12 14:34:25
315,纺织服饰,-0.62,-305632144.0,-1.93,-208445632.0,-1.32,-97186512.0,-0.61,253870592.0,1.6,49595648.0,0.31,ST如意,2026-05-12 14:34:25
316,小家电,-1.2,-310936977.0,-10.76,-121986129.0,-4.22,-188950848.0,-6.54,85146544.0,2.95,218426464.0,7.56,利仁科技,2026-05-12 14:34:25
317,专业服务,-1.31,-315742672.0,-5.58,-270671808.0,-4.78,-45070864.0,-0.8,169792016.0,3.0,137888544.0,2.44,电科院,2026-05-12 14:34:25
318,煤化工,-3.21,-316568192.0,-6.34,-139845168.0,-2.8,-176723024.0,-3.54,-5806528.0,-0.12,322374336.0,6.46,宝丰能源,2026-05-12 14:34:25
319,电网自动化设备,1.33,-317703536.0,-2.1,-333363472.0,-2.2,15659936.0,0.1,353076480.0,2.33,-11218016.0,-0.07,红相股份,2026-05-12 14:34:25
320,检测服务,-1.35,-318972224.0,-6.67,-259320432.0,-5.42,-59651792.0,-1.25,141049552.0,2.95,170332560.0,3.56,电科院,2026-05-12 14:34:25
321,被动元件,0.41,-319388400.0,-1.8,-464816112.0,-2.61,145427712.0,0.82,229049600.0,1.29,99007488.0,0.56,钧崴电子,2026-05-12 14:34:25
322,车身附件及饰件,-0.97,-321186176.0,-3.51,-219726960.0,-2.4,-101459216.0,-1.11,139752976.0,1.53,160791408.0,1.76,华懋科技,2026-05-12 14:34:25
323,商用载货车,-1.53,-328516256.0,-8.46,-355131584.0,-9.14,26615328.0,0.69,186027824.0,4.79,142503184.0,3.67,一汽解放,2026-05-12 14:34:25
324,旅游零售Ⅱ,-1.63,-329859171.0,-16.01,-247908371.0,-12.03,-81950800.0,-3.98,89129744.0,4.33,240717120.0,11.69,珠免集团,2026-05-12 14:34:25
325,旅游零售Ⅲ,-1.63,-329859171.0,-16.01,-247908371.0,-12.03,-81950800.0,-3.98,89160496.0,4.33,240692528.0,11.68,珠免集团,2026-05-12 14:34:25
326,化学纤维,-1.88,-338877552.0,-4.82,-88152064.0,-1.25,-250725488.0,-3.57,165573728.0,2.35,150271120.0,2.14,泰和新材,2026-05-12 14:34:25
327,医院,-2.0,-342090368.0,-8.36,-192453424.0,-4.7,-149636944.0,-3.66,67357664.0,1.65,274732704.0,6.71,盈康生命,2026-05-12 14:34:25
328,航空运输,-1.07,-342170448.0,-9.62,-219766752.0,-6.18,-122403696.0,-3.44,119754096.0,3.37,222419776.0,6.26,海控B股,2026-05-12 14:34:25
329,光伏设备,-0.78,-347348992.0,-0.56,-64119552.0,-0.1,-283229440.0,-0.45,370202880.0,0.59,-29840128.0,-0.05,TCL中环,2026-05-12 14:34:25
330,工业金属,-0.96,-353490944.0,-0.48,-159090944.0,-0.22,-194400000.0,-0.27,270259456.0,0.37,81279232.0,0.11,紫金矿业,2026-05-12 14:34:25
331,商用车,-1.49,-359533776.0,-7.08,-392351152.0,-7.72,32817376.0,0.65,221352912.0,4.36,138189232.0,2.72,宇通客车,2026-05-12 14:34:25
332,轨交设备Ⅱ,-1.14,-365259136.0,-4.48,-122224240.0,-1.5,-243034896.0,-2.98,129460016.0,1.59,236301280.0,2.9,众合科技,2026-05-12 14:34:25
333,轨交设备Ⅲ,-1.14,-365259136.0,-4.48,-122224240.0,-1.5,-243034896.0,-2.98,129460016.0,1.59,236301280.0,2.9,众合科技,2026-05-12 14:34:25
334,商业物业经营,-1.7,-379860000.0,-11.58,-165936992.0,-5.06,-213923008.0,-6.52,53383504.0,1.63,326475200.0,9.95,锦和商管,2026-05-12 14:34:25
335,光伏电池组件,-0.57,-391404240.0,-2.03,-284436688.0,-1.47,-106967552.0,-0.55,5363712.0,0.03,383034624.0,1.98,阿特斯,2026-05-12 14:34:25
336,多元金融,-1.13,-396567728.0,-5.06,-238190704.0,-3.04,-158377024.0,-2.02,158368704.0,2.02,238173168.0,3.04,拉卡拉,2026-05-12 14:34:25
337,汽车电子电气系统,-1.48,-398062128.0,-3.27,-214256736.0,-1.76,-183805392.0,-1.51,-26822656.0,-0.22,420985024.0,3.46,新泉股份,2026-05-12 14:34:25
338,美容护理,-2.08,-400866823.0,-9.6,-219008231.0,-5.25,-181858592.0,-4.36,124848720.0,2.99,246857104.0,5.91,科思股份,2026-05-12 14:34:25
339,食品加工,-1.76,-404781392.0,-10.49,-125000656.0,-3.24,-279780736.0,-7.25,59759616.0,1.55,337408112.0,8.74,交大昂立,2026-05-12 14:34:25
340,蓄电池及其他电池,-2.17,-407400832.0,-5.96,-183673584.0,-2.69,-223727248.0,-3.27,42238032.0,0.62,360775344.0,5.28,浙江恒威,2026-05-12 14:34:25
341,航空机场,-0.92,-416462368.0,-9.92,-249395552.0,-5.94,-167066816.0,-3.98,126402960.0,3.01,290059408.0,6.91,海控B股,2026-05-12 14:34:25
342,固废治理,-1.14,-416574720.0,-5.72,-214617312.0,-2.95,-201957408.0,-2.77,63750192.0,0.88,350136208.0,4.81,旺能环境,2026-05-12 14:34:25
343,工程机械整机,-2.1,-418520432.0,-3.71,-96686720.0,-0.86,-321833712.0,-2.85,97027344.0,0.86,300905968.0,2.67,三一重工,2026-05-12 14:34:25
344,互联网电商,-2.36,-428703568.0,-8.63,-303137776.0,-6.1,-125565792.0,-2.53,68903376.0,1.39,359800192.0,7.24,吉宏股份,2026-05-12 14:34:25
345,化学制剂,-1.69,-432325120.0,-1.04,33052672.0,0.08,-465377792.0,-1.12,119237632.0,0.29,297529088.0,0.72,恒瑞医药,2026-05-12 14:34:25
346,电机Ⅲ,0.1,-434743248.0,-4.52,-210855008.0,-2.19,-223888240.0,-2.33,35504368.0,0.37,381523584.0,3.97,华瑞股份,2026-05-12 14:34:25
347,电机Ⅱ,0.1,-434743248.0,-4.52,-210855008.0,-2.19,-223888240.0,-2.33,35504368.0,0.37,381523584.0,3.97,华瑞股份,2026-05-12 14:34:25
348,门户网站,-1.29,-438366752.0,-11.14,-358085568.0,-9.1,-80281184.0,-2.04,117355360.0,2.98,321011376.0,8.15,*ST三六,2026-05-12 14:34:25
349,黄金,-1.87,-448170720.0,-3.7,-218139792.0,-1.8,-230030928.0,-1.9,378788048.0,3.13,69365168.0,0.57,山金国际,2026-05-12 14:34:25
350,体外诊断,-2.74,-455865936.0,-6.22,-213723392.0,-2.91,-242142544.0,-3.3,88916576.0,1.21,359471040.0,4.9,热景生物,2026-05-12 14:34:25
351,动力煤,-0.46,-463821024.0,-7.77,-154417360.0,-2.59,-309403664.0,-5.18,97750960.0,1.64,366019008.0,6.13,中国神华,2026-05-12 14:34:25
352,炼化及贸易,-1.0,-486303808.0,-4.63,-457924400.0,-4.36,-28379408.0,-0.27,305631792.0,2.91,180694736.0,1.72,荣盛石化,2026-05-12 14:34:25
353,其他电源设备Ⅲ,0.01,-494989008.0,-2.9,-172426960.0,-1.01,-322562048.0,-1.89,120056832.0,0.7,373688576.0,2.19,盛弘股份,2026-05-12 14:34:25
354,磷肥及磷化工,-2.24,-496727776.0,-7.22,-293661856.0,-4.27,-203065920.0,-2.95,212019072.0,3.08,284720304.0,4.14,兴发集团,2026-05-12 14:34:25
355,银行,-0.26,-498535760.0,-2.31,-192393552.0,-0.89,-306142208.0,-1.42,-34164992.0,-0.16,532706304.0,2.47,招商银行,2026-05-12 14:34:25
356,银行Ⅱ,-0.26,-498535760.0,-2.31,-192393552.0,-0.89,-306142208.0,-1.42,-34164992.0,-0.16,532706304.0,2.47,招商银行,2026-05-12 14:34:25
357,磁性材料,-2.21,-502942256.0,-5.76,-140740208.0,-1.61,-362202048.0,-4.15,86465408.0,0.99,416475504.0,4.77,C春光集,2026-05-12 14:34:25
358,综合Ⅱ,-1.75,-528013120.0,-6.66,-335115488.0,-4.23,-192897632.0,-2.43,156239888.0,1.97,371949312.0,4.69,ST三木,2026-05-12 14:34:25
359,综合,-1.75,-528013120.0,-6.66,-335115488.0,-4.23,-192897632.0,-2.43,156239888.0,1.97,371949312.0,4.69,ST三木,2026-05-12 14:34:25
360,综合Ⅲ,-1.76,-528476304.0,-6.67,-335115488.0,-4.23,-193360816.0,-2.44,156444960.0,1.97,372038512.0,4.69,ST三木,2026-05-12 14:34:25
361,半导体材料,-0.23,-536947968.0,-1.63,-372873216.0,-1.13,-164074752.0,-0.5,-122677248.0,-0.37,690221824.0,2.09,天岳先进,2026-05-12 14:34:25
362,面板,-0.66,-538175648.0,-2.6,-149666464.0,-0.72,-388509184.0,-1.88,-61928704.0,-0.3,600426752.0,2.91,京东方Ａ,2026-05-12 14:34:25
363,膜材料,-1.33,-550818592.0,-4.48,-232054960.0,-1.89,-318763632.0,-2.59,228606272.0,1.86,322238272.0,2.62,浙江众成,2026-05-12 14:34:25
364,纸包装,-1.11,-554468944.0,-8.63,-245962144.0,-3.83,-308506800.0,-4.8,-28983760.0,-0.45,585221552.0,9.11,美盈森,2026-05-12 14:34:25
365,工程机械,-1.94,-564728304.0,-4.09,-191962048.0,-1.39,-372766256.0,-2.7,131894976.0,0.95,404485088.0,2.93,三一重工,2026-05-12 14:34:25
366,社会服务,-1.29,-585460688.0,-4.78,-361445664.0,-2.95,-224015024.0,-1.83,336204880.0,2.74,241192272.0,1.97,中体产业,2026-05-12 14:34:25
367,通信工程及服务,-1.76,-603662080.0,-6.52,-392149664.0,-4.24,-211512416.0,-2.28,40697584.0,0.44,553453232.0,5.98,宜通世纪,2026-05-12 14:34:25
368,生物制品,-1.94,-607730944.0,-3.45,-269591648.0,-1.53,-338139296.0,-1.92,297744640.0,1.69,297296384.0,1.69,荣昌生物,2026-05-12 14:34:25
369,煤炭开采,-0.78,-614237968.0,-7.63,-247266224.0,-3.07,-366971744.0,-4.56,89412848.0,1.11,524772640.0,6.52,中国神华,2026-05-12 14:34:25
370,其他小金属,-0.87,-625039904.0,-2.81,-350248992.0,-1.57,-274790912.0,-1.23,109754368.0,0.49,510031872.0,2.29,云南锗业,2026-05-12 14:34:25
371,能源及重型设备,-1.87,-628882976.0,-4.51,-196700080.0,-1.41,-432182896.0,-3.1,80857600.0,0.58,546356176.0,3.92,华伍股份,2026-05-12 14:34:25
372,锂电专用设备,-1.14,-630465232.0,-7.53,-318779968.0,-3.81,-311685264.0,-3.73,217919104.0,2.6,375397152.0,4.49,锦富技术,2026-05-12 14:34:25
373,其他通用设备,-0.64,-642170192.0,-3.28,-199613776.0,-1.02,-442556416.0,-2.26,3498496.0,0.02,580517376.0,2.96,百达精工,2026-05-12 14:34:25
374,镍,-3.13,-643541344.0,-13.05,-291919360.0,-5.92,-351621984.0,-7.13,309878176.0,6.28,333650592.0,6.77,华友钴业,2026-05-12 14:34:25
375,石油石化,-1.04,-659115472.0,-4.22,-627493632.0,-4.02,-31621840.0,-0.2,374118400.0,2.4,262612736.0,1.68,中国海油,2026-05-12 14:34:25
376,化学制药,-1.5,-662679040.0,-1.23,-91501312.0,-0.17,-571177728.0,-1.06,241085952.0,0.45,387586816.0,0.72,恒瑞医药,2026-05-12 14:34:25
377,数字媒体,-0.97,-664445664.0,-8.96,-500434784.0,-6.75,-164010880.0,-2.21,178022656.0,2.4,486426144.0,6.56,风语筑,2026-05-12 14:34:25
378,中药Ⅱ,-1.52,-681873232.0,-6.45,-343112992.0,-3.25,-338760240.0,-3.2,342642464.0,3.24,341259120.0,3.23,吉林敖东,2026-05-12 14:34:25
379,中药Ⅲ,-1.53,-681946960.0,-6.45,-343106624.0,-3.25,-338840336.0,-3.21,342780720.0,3.24,341203792.0,3.23,吉林敖东,2026-05-12 14:34:25
380,航运,-1.59,-691907904.0,-9.64,-406426992.0,-5.66,-285480912.0,-3.98,155540208.0,2.17,516251616.0,7.19,锦江航运,2026-05-12 14:34:25
381,风电零部件,-1.17,-696363008.0,-5.17,-727817440.0,-5.41,31454432.0,0.23,262970784.0,1.95,475497472.0,3.53,泰胜风能,2026-05-12 14:34:25
382,环保设备Ⅱ,-1.15,-701590768.0,-6.8,-579734608.0,-5.62,-121856160.0,-1.18,231928144.0,2.25,469931664.0,4.56,中材节能,2026-05-12 14:34:25
383,环保设备Ⅲ,-1.15,-701590768.0,-6.8,-579734608.0,-5.62,-121856160.0,-1.18,231928144.0,2.25,469931664.0,4.56,中材节能,2026-05-12 14:34:25
384,疫苗,-2.86,-709412656.0,-10.13,-248287168.0,-3.55,-461125488.0,-6.58,217873200.0,3.11,478433216.0,6.83,欧林生物,2026-05-12 14:34:25
385,环境治理,-0.94,-711648928.0,-4.05,-381184496.0,-2.17,-330464432.0,-1.88,194716928.0,1.11,514089984.0,2.92,旺能环境,2026-05-12 14:34:25
386,其他化学制品,-1.55,-714633584.0,-5.0,-371545472.0,-2.6,-343088112.0,-2.4,138190336.0,0.97,552117760.0,3.86,赞宇科技,2026-05-12 14:34:25
387,逆变器,-1.94,-734927456.0,-5.4,-364281440.0,-2.68,-370646016.0,-2.73,352259328.0,2.59,382707040.0,2.81,艾罗能源,2026-05-12 14:34:25
388,医疗器械,-1.72,-744535760.0,-3.11,-350248144.0,-1.46,-394287616.0,-1.65,234415104.0,0.98,452769280.0,1.89,海泰新光,2026-05-12 14:34:25
389,燃气Ⅲ,-1.73,-761657792.0,-10.37,-435019088.0,-5.92,-326638704.0,-4.45,139766240.0,1.9,615473984.0,8.38,胜通能源,2026-05-12 14:34:25
390,燃气Ⅱ,-1.73,-761657792.0,-10.37,-435019088.0,-5.92,-326638704.0,-4.45,139766240.0,1.9,615473984.0,8.38,胜通能源,2026-05-12 14:34:25
391,其他金属新材料,-1.33,-763937536.0,-8.02,-423788336.0,-4.45,-340149200.0,-3.57,128423584.0,1.35,581332048.0,6.1,博威合金,2026-05-12 14:34:25
392,生猪养殖,-3.02,-767949424.0,-13.05,-657696224.0,-11.18,-110253200.0,-1.87,281920000.0,4.79,486029424.0,8.26,东瑞股份,2026-05-12 14:34:25
393,航运港口,-0.95,-768080368.0,-7.53,-478009552.0,-4.69,-290070816.0,-2.84,178967728.0,1.76,569126896.0,5.58,锦江航运,2026-05-12 14:34:25
394,合成树脂,-1.54,-770223600.0,-10.43,-209117536.0,-2.83,-561106064.0,-7.6,-72608960.0,-0.98,842818448.0,11.42,上纬新材,2026-05-12 14:34:25
395,板材,-1.72,-785331120.0,-12.36,-384819600.0,-6.06,-400511520.0,-6.31,294635408.0,4.64,490702288.0,7.73,宝钢股份,2026-05-12 14:34:25
396,包装印刷,-0.58,-785471328.0,-6.4,-357959744.0,-2.92,-427511584.0,-3.48,-42249232.0,-0.34,846529680.0,6.9,金富科技,2026-05-12 14:34:25
397,煤炭,-1.14,-788465600.0,-8.67,-319941088.0,-3.52,-468524512.0,-5.15,113717008.0,1.25,674686096.0,7.42,中国神华,2026-05-12 14:34:25
398,普钢,-1.54,-798415696.0,-11.57,-393243552.0,-5.7,-405172144.0,-5.87,300293936.0,4.35,498123328.0,7.22,宝钢股份,2026-05-12 14:34:25
399,铅锌,-1.82,-801877184.0,-5.25,-568433184.0,-3.72,-233444000.0,-1.53,210574080.0,1.38,589598752.0,3.86,豫光金铅,2026-05-12 14:34:25
400,化学原料,-1.52,-802307072.0,-3.66,-412326656.0,-1.88,-389980416.0,-1.78,191678208.0,0.87,598566656.0,2.73,卫星化学,2026-05-12 14:34:25
401,一般零售,-1.95,-814394000.0,-10.5,-391562528.0,-5.05,-422831472.0,-5.45,272604704.0,3.52,541725872.0,6.99,锦和商管,2026-05-12 14:34:25
402,养殖业,-2.43,-841850864.0,-11.88,-688519392.0,-9.71,-153331472.0,-2.16,341703472.0,4.82,500147408.0,7.06,东瑞股份,2026-05-12 14:34:25
403,游戏Ⅱ,-1.49,-851422976.0,-5.9,-387271152.0,-2.68,-464151824.0,-3.21,-69981952.0,-0.48,921405024.0,6.38,顺网科技,2026-05-12 14:34:25
404,游戏Ⅲ,-1.49,-851422976.0,-5.9,-387271152.0,-2.68,-464151824.0,-3.21,-69981952.0,-0.48,921405024.0,6.38,顺网科技,2026-05-12 14:34:25
405,氟化工,-2.05,-854250432.0,-10.89,-548626064.0,-6.99,-305624368.0,-3.9,-51187424.0,-0.65,905434112.0,11.54,ST联创,2026-05-12 14:34:25
406,综合电力设备商,-1.9,-902630160.0,-13.17,-830700912.0,-12.12,-71929248.0,-1.05,377636864.0,5.51,524997344.0,7.66,东方电气,2026-05-12 14:34:25
407,其他专用设备,-0.64,-919727360.0,-2.73,-456861696.0,-1.36,-462865664.0,-1.37,-152814848.0,-0.45,1037347584.0,3.08,芯碁微装,2026-05-12 14:34:25
408,光学元件,0.18,-955058432.0,-3.54,-501075200.0,-1.85,-453983232.0,-1.68,360252928.0,1.33,509996032.0,1.89,茂莱光学,2026-05-12 14:34:25
409,风电整机,-2.9,-958396112.0,-13.37,-504574400.0,-7.04,-453821712.0,-6.33,53004560.0,0.74,905399552.0,12.63,电气风电,2026-05-12 14:34:25
410,钢铁,-1.45,-966230112.0,-7.8,-464242816.0,-3.75,-501987296.0,-4.05,312692096.0,2.52,653536304.0,5.28,大中矿业,2026-05-12 14:34:25
411,电动乘用车,-1.69,-966767280.0,-17.33,-664519360.0,-11.91,-302247920.0,-5.42,358330352.0,6.42,608428208.0,10.9,北汽蓝谷,2026-05-12 14:34:25
412,航海装备Ⅲ,-2.38,-980332976.0,-10.79,-849493264.0,-9.35,-130839712.0,-1.44,95871440.0,1.06,884493920.0,9.74,中国海防,2026-05-12 14:34:25
413,航海装备Ⅱ,-2.38,-980332976.0,-10.79,-849493264.0,-9.35,-130839712.0,-1.44,95871440.0,1.06,884493920.0,9.74,中国海防,2026-05-12 14:34:25
414,安防设备,-0.18,-1032389024.0,-12.95,-568746880.0,-7.13,-463642144.0,-5.82,315278864.0,3.95,714176976.0,8.96,汉邦高科,2026-05-12 14:34:25
415,工控设备,-1.21,-1064881120.0,-6.51,-614159264.0,-3.75,-450721856.0,-2.75,37020160.0,0.23,995845792.0,6.08,快克智能,2026-05-12 14:34:25
416,其他专业工程,-2.64,-1094479536.0,-12.47,-559522272.0,-6.37,-534957264.0,-6.09,145827312.0,1.66,940104304.0,10.71,*ST中岩,2026-05-12 14:34:25
417,交通运输,-1.0,-1100113312.0,-4.18,-513084064.0,-1.95,-587029248.0,-2.23,185556224.0,0.7,889812480.0,3.38,京沪高铁,2026-05-12 14:34:25
418,铝,-1.56,-1164821488.0,-7.57,-570566880.0,-3.71,-594254608.0,-3.86,333359360.0,2.17,831399168.0,5.4,永茂泰,2026-05-12 14:34:25
419,轻工制造,-1.06,-1198683552.0,-4.3,-693473184.0,-2.49,-505210368.0,-1.81,291815680.0,1.05,936880128.0,3.36,金富科技,2026-05-12 14:34:25
420,汽车零部件,-0.83,-1222029824.0,-1.58,126801408.0,0.16,-1348831232.0,-1.74,-471832064.0,-0.61,1629346304.0,2.11,山子高科,2026-05-12 14:34:25
421,农化制品,-1.67,-1226754160.0,-5.64,-703701616.0,-3.24,-523052544.0,-2.4,428815872.0,1.97,795421696.0,3.66,亚钾国际,2026-05-12 14:34:25
422,乘用车,-1.82,-1248082432.0,-16.89,-783340080.0,-10.6,-464742352.0,-6.29,462992224.0,6.26,785066800.0,10.62,海马汽车,2026-05-12 14:34:25
423,金属制品,-0.44,-1256459984.0,-3.51,-576244944.0,-1.61,-680215040.0,-1.9,-347452160.0,-0.97,1566365440.0,4.37,中大力德,2026-05-12 14:34:25
424,金属新材料,-1.68,-1267316528.0,-6.94,-564572976.0,-3.09,-702743552.0,-3.85,215299072.0,1.18,997753360.0,5.47,C春光集,2026-05-12 14:34:25
425,专业工程,-2.07,-1314197232.0,-10.35,-583530336.0,-4.59,-730666896.0,-5.75,175876464.0,1.38,1126826752.0,8.87,宏盛华源,2026-05-12 14:34:25
426,电子化学品Ⅲ,-0.51,-1404321792.0,-3.58,-1023118336.0,-2.61,-381203456.0,-0.97,291504896.0,0.74,1093369856.0,2.79,国瓷材料,2026-05-12 14:34:25
427,电子化学品Ⅱ,-0.51,-1404321792.0,-3.58,-1023118336.0,-2.61,-381203456.0,-0.97,291504896.0,0.74,1093369856.0,2.79,国瓷材料,2026-05-12 14:34:25
428,玻璃玻纤,0.32,-1408858912.0,-7.45,-867940384.0,-4.59,-540918528.0,-2.86,426910464.0,2.26,981944320.0,5.19,旗滨集团,2026-05-12 14:34:25
429,环保,-0.98,-1413239600.0,-5.07,-960919088.0,-3.45,-452320512.0,-1.62,426644992.0,1.53,984021760.0,3.53,旺能环境,2026-05-12 14:34:25
430,钨,-3.11,-1414247856.0,-15.44,-843219552.0,-9.21,-571028304.0,-6.24,240295440.0,2.62,1173929328.0,12.82,翔鹭钨业,2026-05-12 14:34:25
431,光学光电子,-0.42,-1421338624.0,-2.12,-904536576.0,-1.35,-516802048.0,-0.77,555900672.0,0.83,780922368.0,1.17,三安光电,2026-05-12 14:34:25
432,玻纤制造,0.14,-1426453280.0,-8.35,-896599728.0,-5.25,-529853552.0,-3.1,431248384.0,2.52,995225728.0,5.82,九鼎新材,2026-05-12 14:34:25
433,其他电源设备Ⅱ,-0.37,-1431551056.0,-5.86,-1007664976.0,-4.13,-423886080.0,-1.74,516244992.0,2.11,914066176.0,3.74,盛弘股份,2026-05-12 14:34:25
434,建筑装饰,-1.09,-1457565696.0,-3.22,-535746816.0,-1.18,-921818880.0,-2.04,289158144.0,0.64,1142759680.0,2.52,太极实业,2026-05-12 14:34:25
435,激光设备,-0.4,-1485946880.0,-5.67,-852102400.0,-3.25,-633844480.0,-2.42,781105408.0,2.98,704923632.0,2.69,锐科激光,2026-05-12 14:34:25
436,塑料,-0.73,-1508723168.0,-4.86,-539412192.0,-1.74,-969310976.0,-3.12,164422656.0,0.53,1354413568.0,4.36,浙江众成,2026-05-12 14:34:25
437,其他电子Ⅱ,-0.87,-1552923904.0,-4.66,-1006185728.0,-3.02,-546738176.0,-1.64,55540736.0,0.17,1497539072.0,4.5,瑞可达,2026-05-12 14:34:25
438,其他电子Ⅲ,-0.87,-1552923904.0,-4.66,-1006185728.0,-3.02,-546738176.0,-1.64,55540736.0,0.17,1497539072.0,4.5,瑞可达,2026-05-12 14:34:25
439,建筑材料,-0.59,-1563876048.0,-5.12,-944835536.0,-3.1,-619040512.0,-2.03,531866368.0,1.74,1006554880.0,3.3,苏博特,2026-05-12 14:34:25
440,通信终端及配件,-1.04,-1641414032.0,-7.92,-1042627472.0,-5.03,-598786560.0,-2.89,557264384.0,2.69,1064341760.0,5.14,有方科技,2026-05-12 14:34:25
441,农林牧渔,-1.93,-1645164912.0,-7.64,-1171239536.0,-5.44,-473925376.0,-2.2,748664064.0,3.48,878351872.0,4.08,安德利,2026-05-12 14:34:25
442,风电设备,-1.45,-1654759072.0,-8.02,-1232391840.0,-5.97,-422367232.0,-2.05,315975168.0,1.53,1380897024.0,6.69,泰胜风能,2026-05-12 14:34:25
443,家电零部件Ⅱ,-1.34,-1674370064.0,-9.92,-1005127312.0,-5.96,-669242752.0,-3.97,488360448.0,2.89,1190022736.0,7.05,星帅尔,2026-05-12 14:34:25
444,家电零部件Ⅲ,-1.35,-1674804880.0,-9.92,-1005330464.0,-5.96,-669474416.0,-3.97,488993536.0,2.9,1189910976.0,7.05,星帅尔,2026-05-12 14:34:25
445,横向通用软件,-2.3,-1791283584.0,-11.68,-1221137472.0,-7.96,-570146112.0,-3.72,888783360.0,5.8,902545616.0,5.89,深信服,2026-05-12 14:34:25
446,商贸零售,-1.92,-1814152192.0,-9.39,-1072322528.0,-5.55,-741829664.0,-3.84,451438080.0,2.34,1362608128.0,7.05,锦和商管,2026-05-12 14:34:25
447,航天装备Ⅲ,-3.4,-1939907376.0,-11.61,-1187546992.0,-7.11,-752360384.0,-4.5,194237696.0,1.16,1745644256.0,10.45,新余国科,2026-05-12 14:34:25
448,航天装备Ⅱ,-3.4,-1939907376.0,-11.61,-1187546992.0,-7.11,-752360384.0,-4.5,194237696.0,1.16,1745644256.0,10.45,新余国科,2026-05-12 14:34:25
449,专用设备,-1.18,-1952317952.0,-3.52,-915627264.0,-1.65,-1036690688.0,-1.87,-44874496.0,-0.08,1954442752.0,3.53,芯碁微装,2026-05-12 14:34:25
450,家用电器,-1.19,-1997768208.0,-5.96,-1259744016.0,-3.76,-738024192.0,-2.2,503253248.0,1.5,1491738624.0,4.45,格力电器,2026-05-12 14:34:25
451,锂,-2.66,-2024618816.0,-8.77,-1190168128.0,-5.16,-834450688.0,-3.62,501141248.0,2.17,1523472640.0,6.6,永杉锂业,2026-05-12 14:34:25
452,其他计算机设备,-1.2,-2035187712.0,-3.79,-593075968.0,-1.1,-1442111744.0,-2.68,215601664.0,0.4,1782983936.0,3.32,中国长城,2026-05-12 14:34:25
453,营销代理,-1.46,-2093472304.0,-11.75,-1322967184.0,-7.43,-770505120.0,-4.33,374302976.0,2.1,1719174144.0,9.65,天娱数科,2026-05-12 14:34:25
454,化学制品,-1.43,-2143234784.0,-5.21,-1328909024.0,-3.23,-814325760.0,-1.98,186430976.0,0.45,1920267776.0,4.67,新 和 成,2026-05-12 14:34:25
455,广告营销,-1.43,-2267559024.0,-11.97,-1356628288.0,-7.16,-910930736.0,-4.81,461515776.0,2.44,1806048000.0,9.53,天娱数科,2026-05-12 14:34:25
456,集成电路封测,-1.25,-2335504128.0,-8.08,-1708956160.0,-5.91,-626547968.0,-2.17,609869824.0,2.11,1716758272.0,5.94,甬矽电子,2026-05-12 14:34:25
457,通用设备,-0.61,-2448340480.0,-2.56,-1271805184.0,-1.33,-1176535296.0,-1.23,-168772864.0,-0.18,2499889408.0,2.62,中大力德,2026-05-12 14:34:25
458,垂直应用软件,-1.14,-2555256864.0,-6.9,-1282394912.0,-3.46,-1272861952.0,-3.44,519944448.0,1.4,1997396736.0,5.39,四维图新,2026-05-12 14:34:25
459,白酒Ⅱ,-1.78,-2643299696.0,-18.5,-479551712.0,-3.36,-2163747984.0,-15.15,1658971632.0,11.61,984327920.0,6.89,口子窖,2026-05-12 14:34:25
460,白酒Ⅲ,-1.78,-2643440336.0,-18.5,-479071904.0,-3.35,-2164368432.0,-15.15,1659251040.0,11.61,984282896.0,6.89,口子窖,2026-05-12 14:34:25
461,集成电路制造,-1.47,-2659971840.0,-10.05,-1868377344.0,-7.06,-791594496.0,-2.99,1388004608.0,5.25,1271912224.0,4.81,华润微,2026-05-12 14:34:25
462,稀土,-4.48,-2662572704.0,-14.5,-2018841248.0,-10.99,-643731456.0,-3.5,517881088.0,2.82,2144689136.0,11.68,中稀有色,2026-05-12 14:34:25
463,通信应用增值服务,-0.12,-2696580976.0,-13.59,-1582054000.0,-7.97,-1114526976.0,-5.62,816643328.0,4.12,1879857184.0,9.47,线上线下,2026-05-12 14:34:25
464,医药生物,-1.6,-2707708928.0,-2.02,-1357001472.0,-1.01,-1350707456.0,-1.01,1134261248.0,0.85,1463929344.0,1.09,恒瑞医药,2026-05-12 14:34:25
465,能源金属,-2.99,-2925814448.0,-9.81,-1599741360.0,-5.36,-1326073088.0,-4.45,918655488.0,3.08,2007207680.0,6.73,永杉锂业,2026-05-12 14:34:25
466,自动化设备,-0.96,-3054808064.0,-4.82,-1700251648.0,-2.68,-1354556416.0,-2.14,859258368.0,1.36,2119491328.0,3.34,拓斯达,2026-05-12 14:34:25
467,计算机设备,-0.89,-3068480256.0,-4.97,-1162596864.0,-1.88,-1905883392.0,-3.09,531819008.0,0.86,2497136640.0,4.05,中国长城,2026-05-12 14:34:25
468,通信线缆及配套,1.91,-3120188416.0,-5.67,-1161300224.0,-2.11,-1958888192.0,-3.56,887844352.0,1.61,2222850304.0,4.04,长飞光纤,2026-05-12 14:34:25
469,汽车,-0.97,-3148339200.0,-3.37,-1189154304.0,-1.27,-1959184896.0,-2.1,301326592.0,0.32,2781826560.0,2.98,山子高科,2026-05-12 14:34:25
470,通信服务,-0.98,-3425029024.0,-10.75,-2003510176.0,-6.29,-1421518848.0,-4.46,998112768.0,3.13,2417366528.0,7.59,宜通世纪,2026-05-12 14:34:25
471,食品饮料,-1.42,-3630477344.0,-11.45,-816910880.0,-2.58,-2813566464.0,-8.87,1995928320.0,6.3,1611126272.0,5.08,交大昂立,2026-05-12 14:34:25
472,锂电池,-1.13,-3673827072.0,-8.25,-2346461184.0,-5.27,-1327365888.0,-2.98,2557146112.0,5.74,1086883584.0,2.44,铜冠铜箔,2026-05-12 14:34:25
473,军工电子Ⅱ,-1.48,-3741280768.0,-8.79,-1985885952.0,-4.67,-1755394816.0,-4.12,439175424.0,1.03,3301661184.0,7.76,中航成飞,2026-05-12 14:34:25
474,军工电子Ⅲ,-1.48,-3741280768.0,-8.79,-1985885952.0,-4.67,-1755394816.0,-4.12,439175424.0,1.03,3301661184.0,7.76,中航成飞,2026-05-12 14:34:25
475,传媒,-1.21,-3987498752.0,-7.14,-2459584256.0,-4.41,-1527914496.0,-2.74,574400512.0,1.03,3410625792.0,6.11,华策影视,2026-05-12 14:34:25
476,软件开发,-1.44,-4346010624.0,-8.3,-2503609600.0,-4.78,-1842401024.0,-3.52,1408622080.0,2.69,2899523840.0,5.54,深信服,2026-05-12 14:34:25
477,小金属,-1.5,-4535694592.0,-8.64,-3144775424.0,-5.99,-1390919168.0,-2.65,853412096.0,1.63,3677032960.0,7.01,云南锗业,2026-05-12 14:34:25
478,印制电路板,0.6,-4646663168.0,-4.42,-3335541504.0,-3.17,-1311121664.0,-1.25,946464512.0,0.9,3695311616.0,3.51,世运电路,2026-05-12 14:34:25
479,元件,0.55,-4966051328.0,-4.04,-3800357632.0,-3.09,-1165693696.0,-0.95,1175514112.0,0.96,3794319104.0,3.09,世运电路,2026-05-12 14:34:25
480,电池化学品,-1.58,-5226066176.0,-9.96,-2723238144.0,-5.19,-2502828032.0,-4.77,1004417024.0,1.92,4183900928.0,7.98,星源材质,2026-05-12 14:34:25
481,通信设备,-0.04,-5310623488.0,-2.28,-2320017920.0,-0.99,-2990605568.0,-1.28,-1028852480.0,-0.44,6251888896.0,2.68,中际旭创,2026-05-12 14:34:25
482,数字芯片设计,-0.87,-5846405888.0,-3.44,-5028864256.0,-2.96,-817541632.0,-0.48,3377875456.0,1.99,2465905408.0,1.45,聚辰股份,2026-05-12 14:34:25
483,基础化工,-1.29,-5925279232.0,-4.46,-2796976128.0,-2.11,-3128303104.0,-2.36,1062486272.0,0.8,4778531840.0,3.6,石英股份,2026-05-12 14:34:25
484,IT服务Ⅱ,-1.61,-6252745216.0,-9.73,-3135318016.0,-4.88,-3117427200.0,-4.85,946310656.0,1.47,5207342848.0,8.1,皖通科技,2026-05-12 14:34:25
485,IT服务Ⅲ,-1.61,-6255857664.0,-9.73,-3136301312.0,-4.88,-3119556352.0,-4.85,948001024.0,1.47,5209044480.0,8.1,皖通科技,2026-05-12 14:34:25
486,国防军工,-1.28,-7086515456.0,-6.26,-4080907520.0,-3.6,-3005607936.0,-2.65,628680960.0,0.55,6458893312.0,5.7,菲利华,2026-05-12 14:34:25
487,消费电子零部件及组装,-1.62,-7873771264.0,-8.39,-5960066816.0,-6.35,-1913704448.0,-2.04,1796572416.0,1.91,6061293312.0,6.46,立讯精密,2026-05-12 14:34:25
488,消费电子,-1.68,-8136533248.0,-8.33,-6207657728.0,-6.35,-1928875520.0,-1.97,1941410816.0,1.99,6185715200.0,6.33,立讯精密,2026-05-12 14:34:25
489,机械设备,-0.95,-8385454080.0,-3.55,-4201870336.0,-1.78,-4183583744.0,-1.77,906964992.0,0.38,7214609920.0,3.05,中大力德,2026-05-12 14:34:25
490,通信,-0.33,-8735653632.0,-3.29,-4323528448.0,-1.63,-4412125184.0,-1.66,-30740480.0,-0.01,8669255424.0,3.27,中际旭创,2026-05-12 14:34:25
491,有色金属,-1.41,-9001377280.0,-4.58,-5548916480.0,-2.82,-3452460800.0,-1.76,2868244992.0,1.46,6071718656.0,3.09,紫金矿业,2026-05-12 14:34:25
492,电力设备,-0.21,-9759793408.0,-3.06,-3931230464.0,-1.23,-5828562944.0,-1.83,3900497920.0,1.22,5855793152.0,1.84,汉缆股份,2026-05-12 14:34:25
493,电池,-1.41,-9927552768.0,-8.84,-5566735616.0,-4.96,-4360817152.0,-3.88,3823850752.0,3.4,5994619648.0,5.34,星源材质,2026-05-12 14:34:25
494,半导体,0.06,-10760028160.0,-3.05,-8681967616.0,-2.46,-2078060544.0,-0.59,5172371456.0,1.47,5605951488.0,1.59,卓胜微,2026-05-12 14:34:25
495,计算机,-1.37,-13667236608.0,-7.66,-6801524736.0,-3.81,-6865711872.0,-3.85,2886751744.0,1.62,10604003328.0,5.94,中国长城,2026-05-12 14:34:25
496,电子,-0.41,-28241199104.0,-3.96,-21623824384.0,-3.03,-6617374720.0,-0.93,9192243200.0,1.29,18957815808.0,2.66,立讯精密,2026-05-12 14:34:25
