date,open,high,low,close,volume,amount,outstanding_share,turnover,code,pct_change,name
2025-01-02,12.15,12.15,11.58,11.7,53550651.0,637226984.0,4989018727.0,0.010733704147108124,600703,,三安光电
2025-01-03,11.72,11.87,11.45,11.46,42159147.0,492556112.0,4989018727.0,0.008450388604845179,600703,-2.051282051282033,三安光电
2025-01-06,11.47,11.56,11.3,11.41,28987698.0,331824736.0,4989018727.0,0.0058103004991987475,600703,-0.43630017452007674,三安光电
2025-01-07,11.43,11.68,11.42,11.67,29209323.0,337671749.0,4989018727.0,0.0058547230624576485,600703,2.2787028921998242,三安光电
2025-01-08,11.63,11.63,11.2,11.52,35622139.0,407809422.0,4989018727.0,0.0071401092978899934,600703,-1.285347043701801,三安光电
2025-01-09,11.51,11.6,11.37,11.39,34754310.0,399703462.0,4989018727.0,0.006966161464160004,600703,-1.1284722222222099,三安光电
2025-01-10,11.35,11.51,11.01,11.02,39726811.0,447815287.0,4989018727.0,0.007962850647363386,600703,-3.2484635645303017,三安光电
2025-01-13,10.92,11.11,10.87,11.06,33158372.0,365724797.0,4989018727.0,0.006646271303924091,600703,0.3629764065335772,三安光电
2025-01-14,11.16,11.55,11.03,11.55,46413393.0,527668670.0,4989018727.0,0.009303110599448347,600703,4.430379746835444,三安光电
2025-01-15,11.55,11.55,11.36,11.39,25888028.0,295953722.0,4989018727.0,0.005189001969444803,600703,-1.3852813852813894,三安光电
2025-01-16,11.45,11.61,11.34,11.47,28201539.0,324191817.0,4989018727.0,0.0056527226180524215,600703,0.7023705004389758,三安光电
2025-01-17,11.43,11.72,11.39,11.59,31095311.0,360393262.0,4989018727.0,0.006232750907852024,600703,1.046207497820384,三安光电
2025-01-20,11.66,11.73,11.56,11.61,26623500.0,310751250.0,4989018727.0,0.005336420137274021,600703,0.17256255392579245,三安光电
2025-01-21,11.65,11.68,11.5,11.58,22140983.0,256764358.0,4989018727.0,0.004437943453724783,600703,-0.2583979328165342,三安光电
2025-01-22,11.52,11.58,11.42,11.54,20655993.0,238075381.0,4989018727.0,0.0041402917347678255,600703,-0.3454231433506094,三安光电
2025-01-23,11.73,11.79,11.48,11.48,31962583.0,372534594.0,4989018727.0,0.006406587096380727,600703,-0.5199306759098632,三安光电
2025-01-24,11.36,11.64,11.35,11.63,26889896.0,311073271.0,4989018727.0,0.005389816609521819,600703,1.3066202090592283,三安光电
2025-01-27,11.65,11.7,11.44,11.44,22833941.0,264192999.0,4989018727.0,0.004576840106136567,600703,-1.6337059329320835,三安光电
2025-02-05,11.58,11.81,11.57,11.72,35294464.0,413649342.0,4989018727.0,0.0070744300495386775,600703,2.447552447552459,三安光电
2025-02-06,11.64,12.01,11.63,12.01,47470268.0,566396251.0,4989018727.0,0.009514950854583152,600703,2.4744027303754246,三安光电
2025-02-07,12.03,12.26,11.96,12.09,61535329.0,747072274.0,4989018727.0,0.012334154744093828,600703,0.6661115736885881,三安光电
2025-02-10,12.1,12.19,12.03,12.16,38937687.0,473120050.0,4989018727.0,0.007804678460971429,600703,0.5789909015715411,三安光电
2025-02-11,12.16,12.18,11.96,12.04,31979038.0,385632661.0,4989018727.0,0.006409885340163807,600703,-0.9868421052631637,三安光电
2025-02-12,12.03,12.26,11.94,12.26,51822821.0,628133489.0,4989018727.0,0.010387377525672696,600703,1.82724252491695,三安光电
2025-02-13,12.26,12.42,12.19,12.2,57023618.0,703738963.0,4989018727.0,0.011429826408827589,600703,-0.4893964110929905,三安光电
2025-02-14,12.17,12.28,12.13,12.27,35818584.0,438579692.0,4989018727.0,0.0071794847764659435,600703,0.5737704918032716,三安光电
2025-02-17,12.26,12.35,12.16,12.24,43016423.0,527100294.0,4989018727.0,0.00862222119295725,600703,-0.24449877750610804,三安光电
2025-02-18,12.28,12.33,11.93,11.96,40470801.0,491776570.0,4989018727.0,0.0081119761649674,600703,-2.287581699346397,三安光电
2025-02-19,11.95,12.37,11.95,12.36,49623012.0,606117713.0,4989018727.0,0.009946447330703715,600703,3.3444816053511683,三安光电
2025-02-20,12.4,12.92,12.32,12.58,118015283.0,1493168022.0,4989018727.0,0.02365500902237844,600703,1.7799352750809128,三安光电
2025-02-21,12.59,12.7,12.48,12.66,70085279.0,883590480.0,4989018727.0,0.014047908583847656,600703,0.6359300476947549,三安光电
2025-02-24,12.65,12.86,12.46,12.72,66331383.0,843543329.0,4989018727.0,0.013295476852195828,600703,0.4739336492890933,三安光电
2025-02-25,12.5,12.72,12.45,12.57,47809582.0,602924239.0,4989018727.0,0.009582963026628864,600703,-1.1792452830188704,三安光电
2025-02-26,12.56,12.62,12.48,12.55,47194915.0,592551846.0,4989018727.0,0.009459759039304965,600703,-0.15910898965790787,三安光电
2025-02-27,12.57,12.73,12.33,12.49,56696396.0,711924116.0,4989018727.0,0.011364237959894915,600703,-0.47808764940239223,三安光电
2025-02-28,12.48,12.65,12.2,12.23,62872471.0,782447059.0,4989018727.0,0.012602171777736844,600703,-2.081665332265814,三安光电
2025-03-03,12.3,12.58,12.2,12.3,42446929.0,527347234.0,4989018727.0,0.008508071691589784,600703,0.5723630417007408,三安光电
2025-03-04,12.26,12.49,12.13,12.44,42792023.0,528358001.0,4989018727.0,0.008577242408094092,600703,1.1382113821138073,三安光电
2025-03-05,12.43,12.48,12.23,12.3,29420640.0,363009804.0,4989018727.0,0.00589707948795198,600703,-1.125401929260439,三安光电
2025-03-06,12.35,12.57,12.34,12.53,49795566.0,622705288.0,4989018727.0,0.009981034092037395,600703,1.8699186991869787,三安光电
2025-03-07,12.51,12.52,12.28,12.35,43039100.0,534482837.0,4989018727.0,0.008626766575775173,600703,-1.436552274541103,三安光电
2025-03-10,12.31,12.38,12.17,12.25,32533510.0,398942381.0,4989018727.0,0.006521023828580229,600703,-0.8097165991902799,三安光电
2025-03-11,12.14,12.31,12.05,12.26,34525122.0,421219421.0,4989018727.0,0.006920222971534258,600703,0.08163265306122547,三安光电
2025-03-12,12.26,13.08,12.24,12.75,120945231.0,1537531099.0,4989018727.0,0.024242288437495377,600703,3.9967373572593834,三安光电
2025-03-13,12.79,13.02,12.49,12.75,105435819.0,1345941778.0,4989018727.0,0.021133578519036897,600703,0.0,三安光电
2025-03-14,12.78,12.82,12.58,12.77,67245159.0,856640266.0,4989018727.0,0.01347863431261079,600703,0.15686274509802978,三安光电
2025-03-17,12.82,13.03,12.66,12.87,79864913.0,1025840936.0,4989018727.0,0.01600814055232549,600703,0.7830853563038254,三安光电
2025-03-18,13.0,13.05,12.81,12.85,56208463.0,726120850.0,4989018727.0,0.011266436563127378,600703,-0.15540015540015384,三安光电
2025-03-19,12.84,12.92,12.63,12.66,39243800.0,499405953.0,4989018727.0,0.007866035817347615,600703,-1.478599221789878,三安光电
2025-03-20,12.7,12.73,12.55,12.56,29571854.0,374448717.0,4989018727.0,0.005927388855038867,600703,-0.7898894154818259,三安光电
2025-03-21,12.54,12.62,12.32,12.38,39910741.0,497472559.0,4989018727.0,0.00799971761661419,600703,-1.4331210191082744,三安光电
2025-03-24,12.38,12.42,12.08,12.29,38411720.0,471017469.0,4989018727.0,0.007699253520961979,600703,-0.7269789983845087,三安光电
2025-03-25,12.27,12.34,12.18,12.31,23989184.0,294960692.0,4989018727.0,0.004808397264611029,600703,0.16273393002441683,三安光电
2025-03-26,12.28,12.37,12.24,12.25,21556700.0,265289187.0,4989018727.0,0.004320829641977008,600703,-0.4874086108854647,三安光电
2025-03-27,12.19,12.35,12.07,12.26,24683910.0,302028599.0,4989018727.0,0.004947648295327796,600703,0.08163265306122547,三安光电
2025-03-28,12.26,12.29,12.1,12.1,20064417.0,244536864.0,4989018727.0,0.004021716112511999,600703,-1.3050570962479635,三安光电
2025-03-31,12.08,12.12,11.73,11.87,34942526.0,416436689.0,4989018727.0,0.007003887520184087,600703,-1.9008264462809898,三安光电
2025-04-01,11.87,12.03,11.82,11.97,21192647.0,253513647.0,4989018727.0,0.004247858779384373,600703,0.8424599831508228,三安光电
2025-04-02,11.92,12.02,11.92,11.95,14718719.0,176415269.0,4989018727.0,0.0029502232413648743,600703,-0.1670843776107045,三安光电
2025-04-03,11.85,11.98,11.75,11.8,22547549.0,267310437.0,4989018727.0,0.004519435631294635,600703,-1.2552301255229992,三安光电
2025-04-07,10.98,11.27,10.62,10.62,53142504.0,576502199.0,4989018727.0,0.01065189507355401,600703,-10.000000000000009,三安光电
2025-04-08,10.48,10.79,10.38,10.59,48981461.0,517914234.0,4989018727.0,0.00981785470856582,600703,-0.28248587570620654,三安光电
2025-04-09,10.47,10.91,10.21,10.85,56458288.0,601935992.0,4989018727.0,0.011316511540526835,600703,2.455146364494798,三安光电
2025-04-10,11.19,11.44,11.12,11.24,49542229.0,560141141.0,4989018727.0,0.009930255168593197,600703,3.5944700460829537,三安光电
2025-04-11,11.18,11.86,11.13,11.76,69054180.0,800732736.0,4989018727.0,0.01384123487576558,600703,4.62633451957295,三安光电
2025-04-14,11.99,12.0,11.74,11.81,43942920.0,520890952.0,4989018727.0,0.008807928453382212,600703,0.42517006802722523,三安光电
2025-04-15,11.78,11.88,11.73,11.86,28911665.0,341990951.0,4989018727.0,0.005795060428122542,600703,0.42337002540220325,三安光电
2025-04-16,11.79,11.85,11.57,11.74,25592133.0,299598244.0,4989018727.0,0.00512969271121359,600703,-1.0118043844856595,三安光电
2025-04-17,11.67,11.78,11.64,11.68,19232912.0,225671127.0,4989018727.0,0.0038550490692515695,600703,-0.5110732538330498,三安光电
2025-04-18,11.68,11.84,11.6,11.8,16387102.0,192167376.0,4989018727.0,0.003284634293175705,600703,1.0273972602739878,三安光电
2025-04-21,11.8,12.15,11.7,12.1,32986391.0,395438749.0,4989018727.0,0.006611799394835184,600703,2.5423728813559254,三安光电
2025-04-22,12.04,12.24,12.0,12.15,31419360.0,382747854.0,4989018727.0,0.006297703359973778,600703,0.4132231404958775,三安光电
2025-04-23,12.15,12.25,12.12,12.16,23480892.0,286441353.0,4989018727.0,0.004706515105450315,600703,0.08230452674897748,三安光电
2025-04-24,12.14,12.16,11.88,12.07,29317236.0,353748287.0,4989018727.0,0.005876353167675733,600703,-0.7401315789473673,三安光电
2025-04-25,12.06,12.16,12.03,12.08,21469701.0,259834642.0,4989018727.0,0.004303391543472953,600703,0.08285004142500885,三安光电
2025-04-28,12.17,12.31,12.15,12.19,35718354.0,437876874.0,4989018727.0,0.007159394653440835,600703,0.9105960264900625,三安光电
2025-04-29,12.13,12.2,12.06,12.1,21198694.0,257360559.0,4989018727.0,0.0042490708413811095,600703,-0.7383100902379036,三安光电
2025-04-30,12.09,12.33,12.09,12.27,31042894.0,380984618.0,4989018727.0,0.006222244432958209,600703,1.4049586776859524,三安光电
2025-05-06,12.34,12.53,12.28,12.36,39142493.0,484433476.0,4989018727.0,0.00784572982020799,600703,0.7334963325183352,三安光电
2025-05-07,12.48,12.53,12.31,12.52,44836088.0,559142083.0,4989018727.0,0.008986955241789775,600703,1.2944983818770295,三安光电
2025-05-08,12.47,12.59,12.44,12.58,29856901.0,374866200.0,4989018727.0,0.005984523737787926,600703,0.4792332268370725,三安光电
2025-05-09,12.57,12.57,12.34,12.36,23580403.0,293793313.0,4989018727.0,0.004726461111958861,600703,-1.748807631160576,三安光电
2025-05-12,12.48,12.66,12.39,12.56,34475751.0,433060806.0,4989018727.0,0.006910327037543709,600703,1.6181229773462924,三安光电
2025-05-13,12.65,12.68,12.41,12.5,28039247.0,351635027.0,4989018727.0,0.005620192774233297,600703,-0.4777070063694322,三安光电
2025-05-14,12.48,12.63,12.45,12.56,28894453.0,363773402.0,4989018727.0,0.005791610451094624,600703,0.48000000000001375,三安光电
2025-05-15,12.57,12.61,12.38,12.43,26302600.0,328320783.0,4989018727.0,0.005272098871397963,600703,-1.0350318471337605,三安光电
2025-05-16,12.38,12.52,12.37,12.42,19592862.0,243984976.0,4989018727.0,0.003927197525630775,600703,-0.08045052292839916,三安光电
2025-05-19,12.4,12.63,12.37,12.61,30241821.0,379500354.0,4989018727.0,0.006061677186404356,600703,1.5297906602254496,三安光电
2025-05-20,12.61,12.75,12.56,12.67,27813846.0,353440835.0,4989018727.0,0.0055750133487121704,600703,0.4758128469468659,三安光电
2025-05-21,12.85,12.95,12.6,12.72,36040834.0,459813752.0,4989018727.0,0.007224032614860938,600703,0.39463299131807794,三安光电
2025-05-22,12.84,13.06,12.73,12.76,75506527.0,976450546.0,4989018727.0,0.015134544713445811,600703,0.3144654088050203,三安光电
2025-05-23,12.74,12.83,12.65,12.66,39701245.0,506442163.0,4989018727.0,0.007957726192756382,600703,-0.7836990595611271,三安光电
2025-05-26,12.66,12.85,12.65,12.77,30061769.0,384023767.0,4989018727.0,0.006025587524317986,600703,0.8688783570300007,三安光电
2025-05-27,12.81,12.89,12.59,12.64,26449384.0,335986212.0,4989018727.0,0.005301520288320216,600703,-1.0180109631949819,三安光电
2025-05-28,12.63,12.67,12.43,12.51,25385584.0,318497626.0,4989018727.0,0.0050882919846774914,600703,-1.0284810126582333,三安光电
2025-05-29,12.53,12.64,12.46,12.61,22696344.0,285882510.0,4989018727.0,0.004549260133494785,600703,0.7993605115907298,三安光电
2025-05-30,12.57,12.61,12.35,12.41,23254470.0,289339813.0,4989018727.0,0.004661131030466866,600703,-1.5860428231562196,三安光电
2025-06-03,12.28,12.33,12.09,12.11,39308483.0,478666200.0,4989018727.0,0.007879000891952355,600703,-2.41740531829171,三安光电
2025-06-04,12.09,12.24,12.09,12.21,20867789.0,254535989.0,4989018727.0,0.00418274417112646,600703,0.8257638315441795,三安光电
2025-06-05,12.21,12.3,12.19,12.23,19223600.0,235629540.0,4989018727.0,0.003853182569943879,600703,0.16380016380015405,三安光电
2025-06-06,12.27,12.27,12.14,12.14,16196957.0,197646312.0,4989018727.0,0.003246521587971582,600703,-0.7358953393295176,三安光电
2025-06-09,12.19,12.23,12.14,12.16,19444283.0,237030391.0,4989018727.0,0.0038974163185176596,600703,0.16474464579900872,三安光电
2025-06-10,12.16,12.18,11.87,11.95,31668381.0,380785725.0,4989018727.0,0.0063476171834381655,600703,-1.726973684210531,三安光电
2025-06-11,11.94,12.13,11.94,12.06,19490678.0,235591837.0,4989018727.0,0.0039067157424201825,600703,0.9205020920502127,三安光电
2025-06-12,12.06,12.11,12.01,12.06,14848720.0,179408454.0,4989018727.0,0.002976280670112626,600703,0.0,三安光电
2025-06-13,12.06,12.1,11.88,11.89,18962792.0,227136626.0,4989018727.0,0.0038009061576328696,600703,-1.4096185737976774,三安光电
2025-06-16,11.87,11.97,11.83,11.88,14028469.0,167164317.0,4989018727.0,0.0028118693810627584,600703,-0.0841042893187538,三安光电
2025-06-17,11.88,11.95,11.83,11.92,13809831.0,164439720.0,4989018727.0,0.002768045532734277,600703,0.33670033670032407,三安光电
2025-06-18,11.91,12.05,11.88,12.03,18948823.0,227580759.0,4989018727.0,0.0037981062082311163,600703,0.9228187919463116,三安光电
2025-06-19,12.04,12.08,11.89,11.91,17254553.0,206969040.0,4989018727.0,0.0034585063605033846,600703,-0.9975062344139585,三安光电
2025-06-20,11.78,11.95,11.78,11.81,14896403.0,176938022.0,4989018727.0,0.0029858382610156117,600703,-0.8396305625524736,三安光电
2025-06-23,11.77,12.03,11.75,12.02,18041211.0,215959762.0,4989018727.0,0.003616184261318368,600703,1.7781541066892448,三安光电
2025-06-24,12.03,12.17,12.02,12.17,21463408.0,260565552.0,4989018727.0,0.004302130173182651,600703,1.2479201331114798,三安光电
2025-06-25,12.17,12.24,12.08,12.23,26876973.0,327541592.0,4989018727.0,0.0053872263205878325,600703,0.49301561216106293,三安光电
2025-06-26,12.26,12.29,12.12,12.13,25230100.0,308627603.0,4989018727.0,0.00505712673786081,600703,-0.8176614881439059,三安光电
2025-06-27,12.21,12.24,12.13,12.17,19716883.0,240811684.0,4989018727.0,0.00395205632187638,600703,0.3297609233305687,三安光电
2025-06-30,12.23,12.4,12.22,12.4,29420442.0,363292832.0,4989018727.0,0.0058970398007888655,600703,1.8898931799506968,三安光电
2025-07-01,12.4,12.43,12.31,12.35,19449992.0,240466825.0,4989018727.0,0.0038985606317207956,600703,-0.40322580645162365,三安光电
2025-07-02,12.4,12.41,12.21,12.25,20456555.0,250680195.0,4989018727.0,0.00410031633862015,600703,-0.8097165991902799,三安光电
2025-07-03,12.24,12.33,12.22,12.32,16782900.0,206134097.0,4989018727.0,0.003363968130480822,600703,0.5714285714285783,三安光电
2025-07-04,12.29,12.31,12.14,12.15,25732523.0,314326132.0,4989018727.0,0.0051578325133835486,600703,-1.379870129870131,三安光电
2025-07-07,12.16,12.19,12.09,12.11,15641714.0,189656627.0,4989018727.0,0.003135228560147275,600703,-0.3292181069958877,三安光电
2025-07-08,12.13,12.53,12.11,12.44,42599069.0,526946731.0,4989018727.0,0.008538566666318309,600703,2.725020644095788,三安光电
2025-07-09,12.43,12.51,12.33,12.5,30381213.0,376928185.0,4989018727.0,0.006089616949237,600703,0.4823151125401992,三安光电
2025-07-10,12.5,12.65,12.46,12.53,35594214.0,447507242.0,4989018727.0,0.007134512004809318,600703,0.23999999999999577,三安光电
2025-07-11,12.53,12.62,12.49,12.53,28919000.0,362513304.0,4989018727.0,0.00579653065711974,600703,0.0,三安光电
2025-07-14,12.51,12.56,12.44,12.45,20919032.0,261221398.0,4989018727.0,0.004193015329204636,600703,-0.6384676775738285,三安光电
2025-07-15,12.42,12.5,12.32,12.43,24277497.0,301187303.0,4989018727.0,0.00486618678511126,600703,-0.16064257028112205,三安光电
2025-07-16,12.47,12.48,12.31,12.34,23782335.0,294465298.0,4989018727.0,0.004766936406009606,600703,-0.7240547063555924,三安光电
2025-07-17,12.32,12.53,12.3,12.53,32545008.0,404282481.0,4989018727.0,0.006523328490203922,600703,1.5397082658022754,三安光电
2025-07-18,12.55,12.59,12.39,12.49,36702793.0,457686268.0,4989018727.0,0.007356715820962682,600703,-0.31923383878690315,三安光电
2025-07-21,12.5,12.52,12.42,12.51,32927785.0,410657531.0,4989018727.0,0.006600052395433712,600703,0.16012810248198228,三安光电
2025-07-22,12.51,12.56,12.44,12.55,36516802.0,456836424.0,4989018727.0,0.0073194357444230935,600703,0.3197442046362964,三安光电
2025-07-23,12.54,12.67,12.49,12.49,44846099.0,563315473.0,4989018727.0,0.008988961848809672,600703,-0.47808764940239223,三安光电
2025-07-24,12.49,12.76,12.47,12.76,63495418.0,804398044.0,4989018727.0,0.012727035410063715,600703,2.161729383506805,三安光电
2025-07-25,12.76,12.96,12.65,12.83,49431775.0,630434607.0,4989018727.0,0.00990811574478181,600703,0.5485893416927956,三安光电
2025-07-28,12.88,12.92,12.75,12.81,34525473.0,442148221.0,4989018727.0,0.006920293326050688,600703,-0.1558846453624252,三安光电
2025-07-29,12.78,12.84,12.67,12.82,37490505.0,478161471.0,4989018727.0,0.007514604985767174,600703,0.07806401249024209,三安光电
2025-07-30,12.82,12.84,12.6,12.7,36373300.0,463414223.0,4989018727.0,0.007290672172295496,600703,-0.9360374414976724,三安光电
2025-07-31,12.7,12.75,12.42,12.5,40453367.0,509049542.0,4989018727.0,0.008108481690211142,600703,-1.5748031496062964,三安光电
2025-08-01,12.46,12.89,12.46,12.68,66336963.0,838666686.0,4989018727.0,0.013296595308610874,600703,1.4399999999999968,三安光电
2025-08-04,12.7,12.92,12.49,12.57,61782593.0,779590797.0,4989018727.0,0.012383716394095627,600703,-0.8675078864353258,三安光电
2025-08-05,12.55,12.68,12.53,12.59,36364974.0,457732714.0,4989018727.0,0.007289003307042507,600703,0.15910898965791898,三安光电
2025-08-06,12.6,12.73,12.5,12.72,45651437.0,575877617.0,4989018727.0,0.00915038397289223,600703,1.0325655281969937,三安光电
2025-08-07,12.72,12.89,12.66,12.77,58977879.0,753829707.0,4989018727.0,0.011821538909208429,600703,0.39308176100627534,三安光电
2025-08-08,12.73,12.74,12.57,12.57,37411104.0,472118030.0,4989018727.0,0.007498689832037586,600703,-1.566170712607673,三安光电
2025-08-11,12.6,13.1,12.58,12.99,93668965.0,1209562867.0,4989018727.0,0.01877502774104139,600703,3.341288782816232,三安光电
2025-08-12,13.0,13.02,12.84,12.95,47173375.0,608987218.0,4989018727.0,0.009455441557014624,600703,-0.3079291762894565,三安光电
2025-08-13,12.95,12.99,12.87,12.95,49082709.0,634636807.0,4989018727.0,0.009838148879732597,600703,0.0,三安光电
2025-08-14,12.97,13.03,12.68,12.73,73546027.0,946371542.0,4989018727.0,0.014741581666546428,600703,-1.698841698841691,三安光电
2025-08-15,12.7,12.91,12.67,12.91,55362621.0,711419517.0,4989018727.0,0.011096895808465063,600703,1.413982717989004,三安光电
2025-08-18,12.96,13.29,12.94,13.15,96480284.0,1266962312.0,4989018727.0,0.01933852913356683,600703,1.8590240123934842,三安光电
2025-08-19,13.17,13.25,13.09,13.12,63784552.0,839248651.0,4989018727.0,0.012784989491982719,600703,-0.22813688212928174,三安光电
2025-08-20,13.37,14.43,13.33,14.43,220238417.0,3089438796.0,4989018727.0,0.04414463626045235,600703,9.984756097560975,三安光电
2025-08-21,15.29,15.29,14.34,14.42,419495408.0,6225168746.0,4989018727.0,0.08408375092475374,600703,-0.06930006930007115,三安光电
2025-08-22,14.31,14.96,14.24,14.69,276503181.0,4035983854.0,4989018727.0,0.05542235780827928,600703,1.8723994452149784,三安光电
2025-08-25,14.9,15.18,14.58,14.76,207919104.0,3075836688.0,4989018727.0,0.04167535048019875,600703,0.47651463580666853,三安光电
2025-08-26,14.69,16.14,14.59,15.7,331928260.0,5166980267.0,4989018727.0,0.06653177271186458,600703,6.368563685636852,三安光电
2025-08-27,15.6,15.95,15.27,15.35,253198530.0,3960042363.0,4989018727.0,0.050751168487245486,600703,-2.2292993630573243,三安光电
2025-08-28,14.92,15.44,14.8,15.34,221259172.0,3352409828.0,4989018727.0,0.04434923661492201,600703,-0.06514657980455363,三安光电
2025-08-29,15.51,15.55,14.97,15.13,155466834.0,2359120408.0,4989018727.0,0.03116180605990337,600703,-1.3689700130378069,三安光电
2025-09-01,15.32,15.55,15.09,15.11,136589023.0,2082311698.0,4989018727.0,0.027377933512415135,600703,-0.13218770654329637,三安光电
2025-09-02,15.11,15.11,14.37,14.52,147369542.0,2157260111.0,4989018727.0,0.029538783088235942,600703,-3.9046988749172673,三安光电
2025-09-03,14.54,14.66,14.2,14.28,91596392.0,1320669557.0,4989018727.0,0.018359600757618083,600703,-1.6528925619834767,三安光电
2025-09-04,14.32,14.5,13.51,13.8,124303814.0,1738231955.0,4989018727.0,0.024915483545347693,600703,-3.361344537815114,三安光电
2025-09-05,13.88,14.8,13.74,14.72,169025150.0,2434837191.0,4989018727.0,0.03387943787127019,600703,6.666666666666665,三安光电
2025-09-08,15.1,15.29,14.83,15.02,158718340.0,2384276585.0,4989018727.0,0.03181353863055964,600703,2.0380434782608647,三安光电
2025-09-09,14.9,15.03,14.67,14.81,96476389.0,1429779424.0,4989018727.0,0.019337748418918693,600703,-1.3981358189081194,三安光电
2025-09-10,14.79,14.9,14.6,14.74,65764323.0,969406832.0,4989018727.0,0.013181815222318366,600703,-0.47265361242403436,三安光电
2025-09-11,14.7,15.21,14.55,15.19,131809431.0,1967680346.0,4989018727.0,0.02641991105117774,600703,3.0529172320217013,三安光电
2025-09-12,15.2,15.35,14.95,14.97,136737736.0,2066422378.0,4989018727.0,0.02740774157851743,600703,-1.4483212639894605,三安光电
2025-09-15,15.1,15.35,14.81,15.09,133150329.0,2006454194.0,4989018727.0,0.026688680938278628,600703,0.8016032064128265,三安光电
2025-09-16,15.02,15.19,14.88,15.11,100566282.0,1511398575.0,4989018727.0,0.020157527462413952,600703,0.1325381047051044,三安光电
2025-09-17,15.1,15.45,14.91,15.23,141023165.0,2149546060.0,4989018727.0,0.028266713900430705,600703,0.794176042356054,三安光电
2025-09-18,15.32,15.99,15.11,15.47,293296113.0,4588065190.0,4989018727.0,0.058788336755024574,600703,1.575837163493099,三安光电
2025-09-19,15.58,16.13,15.44,15.62,256055629.0,4045780048.0,4989018727.0,0.05132384603293953,600703,0.9696186166774368,三安光电
2025-09-22,15.69,15.7,15.12,15.3,174345561.0,2681964292.0,4989018727.0,0.03494586221063106,600703,-2.0486555697823206,三安光电
2025-09-23,15.18,15.22,14.55,14.92,157381446.0,2333149542.0,4989018727.0,0.031545571306090626,600703,-2.4836601307189565,三安光电
2025-09-24,14.75,15.7,14.71,15.64,199779459.0,3080868700.0,4989018727.0,0.04004383826398894,600703,4.825737265415553,三安光电
2025-09-25,15.62,15.73,15.38,15.62,119719733.0,1863290075.0,4989018727.0,0.023996649351522868,600703,-0.12787723785167016,三安光电
2025-09-26,15.42,15.62,15.24,15.24,97868745.0,1508017895.0,4989018727.0,0.019616832558744572,600703,-2.432778489116516,三安光电
2025-09-29,15.15,15.3,15.01,15.2,82382023.0,1246767780.0,4989018727.0,0.016512670628826845,600703,-0.2624671916010568,三安光电
2025-09-30,15.3,15.67,15.23,15.58,122003113.0,1891414534.0,4989018727.0,0.024454330535929457,600703,2.5000000000000133,三安光电
2025-10-09,15.71,16.49,15.6,16.24,226439983.0,3655257704.0,4989018727.0,0.045387679499884946,600703,4.236200256739409,三安光电
2025-10-10,16.07,16.26,15.35,15.4,179410777.0,2811725056.0,4989018727.0,0.03596113520862316,600703,-5.172413793103436,三安光电
2025-10-13,14.75,15.78,14.62,15.58,156035360.0,2387948585.0,4989018727.0,0.031275761535140056,600703,1.1688311688311748,三安光电
2025-10-14,15.68,15.75,14.62,14.71,162941611.0,2454415792.0,4989018727.0,0.032660051989418,600703,-5.584082156611037,三安光电
2025-10-15,14.66,14.93,14.4,14.91,83438061.0,1224584736.0,4989018727.0,0.016724343115499394,600703,1.3596193065941398,三安光电
2025-10-16,14.8,14.97,14.53,14.63,65901778.0,971098708.0,4989018727.0,0.013209366732449228,600703,-1.8779342723004633,三安光电
2025-10-17,14.56,14.61,13.91,13.95,88600459.0,1258373049.0,4989018727.0,0.017759095294732897,600703,-4.647983595352024,三安光电
2025-10-20,14.16,14.55,14.12,14.26,76890251.0,1101033243.0,4989018727.0,0.01541189865331207,600703,2.2222222222222365,三安光电
2025-10-21,14.29,14.46,14.24,14.35,56609614.0,812216430.0,4989018727.0,0.01134684335691811,600703,0.6311360448807868,三安光电
2025-10-22,14.27,14.31,14.12,14.16,46308816.0,657311793.0,4989018727.0,0.009282149162796679,600703,-1.324041811846688,三安光电
2025-10-23,14.11,14.24,13.87,14.22,50134978.0,701831589.0,4989018727.0,0.010049065907224444,600703,0.4237288135593209,三安光电
2025-10-24,14.26,14.43,14.24,14.32,59063869.0,846298109.0,4989018727.0,0.011838774763532773,600703,0.7032348804500765,三安光电
2025-10-27,14.49,14.98,14.42,14.73,108552746.0,1598794457.0,4989018727.0,0.021758336045628556,600703,2.863128491620115,三安光电
2025-10-28,14.73,14.83,14.57,14.75,58287881.0,857112754.0,4989018727.0,0.011683235559841184,600703,0.13577732518668117,三安光电
2025-10-29,14.33,14.41,14.12,14.4,108597783.0,1550511029.0,4989018727.0,0.021767363271715377,600703,-2.3728813559321993,三安光电
2025-10-30,14.44,14.44,13.91,13.92,92818989.0,1306087294.0,4989018727.0,0.018604658366518895,600703,-3.3333333333333326,三安光电
2025-10-31,13.92,14.03,13.81,13.87,52671086.0,733435486.0,4989018727.0,0.010557403946982619,600703,-0.35919540229885083,三安光电
2025-11-03,13.86,13.99,13.54,13.8,57638216.0,790026114.0,4989018727.0,0.011553016565776463,600703,-0.5046863734679108,三安光电
2025-11-04,13.79,13.81,13.52,13.61,41021483.0,559755056.0,4989018727.0,0.008222354984958548,600703,-1.376811594202909,三安光电
2025-11-05,13.49,13.74,13.45,13.69,37523556.0,512361037.0,4989018727.0,0.007521229735404038,600703,0.5878030859661987,三安光电
2025-11-06,13.68,13.77,13.61,13.69,41917983.0,574270195.0,4989018727.0,0.008402049640171655,600703,0.0,三安光电
2025-11-07,13.65,13.97,13.53,13.86,53924470.0,743314543.0,4989018727.0,0.01080863250886731,600703,1.241782322863405,三安光电
2025-11-10,13.85,13.95,13.79,13.85,44840922.0,621171877.0,4989018727.0,0.00898792416980238,600703,-0.07215007215006786,三安光电
2025-11-11,13.9,13.93,13.63,13.64,43147351.0,592563295.0,4989018727.0,0.008648464429786855,600703,-1.5162454873646092,三安光电
2025-11-12,13.6,13.66,13.4,13.52,35463640.0,479667207.0,4989018727.0,0.0071083397238167955,600703,-0.8797653958944385,三安光电
2025-11-13,13.53,13.66,13.51,13.61,30043702.0,408293250.0,4989018727.0,0.006021966170903892,600703,0.6656804733727872,三安光电
2025-11-14,13.62,13.71,13.47,13.47,36148184.0,492081906.0,4989018727.0,0.0072455498722364285,600703,-1.0286554004408477,三安光电
2025-11-17,13.39,13.75,13.35,13.71,45289364.0,615461172.0,4989018727.0,0.00907780998193074,600703,1.7817371937639104,三安光电
2025-11-18,13.67,13.7,13.42,13.43,36460107.0,493609712.0,4989018727.0,0.007308071786277743,600703,-2.0423048869438465,三安光电
2025-11-19,13.49,13.5,13.12,13.16,45919225.0,608253181.0,4989018727.0,0.009204059457923137,600703,-2.010424422933732,三安光电
2025-11-20,13.34,13.4,13.15,13.17,27058335.0,358481350.0,4989018727.0,0.005423578559359455,600703,0.07598784194529085,三安光电
2025-11-21,13.08,13.14,12.66,12.66,53746303.0,690278731.0,4989018727.0,0.0107729206765914,600703,-3.8724373576309756,三安光电
2025-11-24,12.7,12.83,12.65,12.79,28767730.0,366477531.0,4989018727.0,0.005766210065380658,600703,1.0268562401263726,三安光电
2025-11-25,12.87,13.02,12.82,12.91,32724768.0,423803187.0,4989018727.0,0.006559359623746708,600703,0.9382329945269774,三安光电
2025-11-26,12.9,13.01,12.84,12.94,28309147.0,366114853.0,4989018727.0,0.005674291589004092,600703,0.23237800154918276,三安光电
2025-11-27,12.92,13.26,12.88,12.99,39507039.0,516959915.0,4989018727.0,0.007918799499827975,600703,0.3863987635239541,三安光电
2025-11-28,13.05,13.2,12.96,13.2,32144380.0,421297021.0,4989018727.0,0.006443026526647071,600703,1.6166281755196188,三安光电
2025-12-01,13.21,13.34,13.1,13.29,41094341.0,544718251.0,4989018727.0,0.008236958658343396,600703,0.6818181818181834,三安光电
2025-12-02,13.35,13.35,13.1,13.14,27482820.0,361559582.0,4989018727.0,0.005508662425191173,600703,-1.1286681715575564,三安光电
2025-12-03,13.18,13.18,12.96,13.08,27797672.0,363222313.0,4989018727.0,0.005571771428630278,600703,-0.45662100456621557,三安光电
2025-12-04,13.08,13.34,13.03,13.23,43474580.0,574139729.0,4989018727.0,0.008714054281801055,600703,1.1467889908256979,三安光电
2025-12-05,13.23,13.45,13.13,13.32,57581622.0,766417002.0,4989018727.0,0.011541672852093104,600703,0.6802721088435382,三安光电
2025-12-08,13.36,13.39,13.26,13.29,49153640.0,655150403.0,4989018727.0,0.00985236630481784,600703,-0.22522522522523403,三安光电
2025-12-09,13.41,14.38,13.41,14.02,190621939.0,2645350643.0,4989018727.0,0.038208302961136587,600703,5.492851768246809,三安光电
2025-12-10,13.84,13.98,13.73,13.9,80503211.0,1115183372.0,4989018727.0,0.016136081142435046,600703,-0.8559201141226769,三安光电
2025-12-11,13.97,14.05,13.68,13.68,60343313.0,835133316.0,4989018727.0,0.012095226797492035,600703,-1.5827338129496438,三安光电
2025-12-12,13.61,13.76,13.43,13.67,54673743.0,745301896.0,4989018727.0,0.010958816952141699,600703,-0.07309941520468044,三安光电
2025-12-15,13.59,13.59,13.1,13.17,75138181.0,1001897794.0,4989018727.0,0.015060713360998373,600703,-3.657644476956845,三安光电
2025-12-16,13.22,13.28,13.0,13.0,45034396.0,590044967.0,4989018727.0,0.009026704140491393,600703,-1.2908124525436548,三安光电
2025-12-17,12.95,13.19,12.91,13.17,36915094.0,481667613.0,4989018727.0,0.00739926947963128,600703,1.3076923076922986,三安光电
2025-12-18,13.08,13.16,13.04,13.06,30699933.0,402152782.0,4989018727.0,0.006153501255438362,600703,-0.8352315869400107,三安光电
2025-12-19,13.1,13.22,13.09,13.13,29436817.0,387447817.0,4989018727.0,0.005900322009354526,600703,0.535987748851463,三安光电
2025-12-22,13.21,13.5,13.18,13.44,53947570.0,721172152.0,4989018727.0,0.01081326267789734,600703,2.361005331302346,三安光电
2025-12-23,13.43,13.43,13.19,13.21,38348291.0,509138650.0,4989018727.0,0.0076865397983902975,600703,-1.7113095238095122,三安光电
2025-12-24,13.18,13.48,13.1,13.48,53585220.0,713690538.0,4989018727.0,0.010740633164995534,600703,2.043906131718387,三安光电
2025-12-25,13.48,13.95,13.38,13.78,86599465.0,1185061251.0,4989018727.0,0.017358015621655933,600703,2.2255192878338104,三安光电
2025-12-26,13.76,14.18,13.65,13.96,105520700.0,1467276830.0,4989018727.0,0.021150592085159757,600703,1.3062409288824517,三安光电
2025-12-29,13.95,14.62,13.91,14.32,152153320.0,2190427108.0,4989018727.0,0.03049764459222484,600703,2.5787965616045794,三安光电
2025-12-30,14.32,14.42,14.1,14.16,74844398.0,1064136135.0,4989018727.0,0.01500182743250705,600703,-1.1173184357541888,三安光电
2025-12-31,14.15,14.37,14.07,14.13,64505691.0,915076993.0,4989018727.0,0.012929534750170923,600703,-0.21186440677966045,三安光电
2026-01-05,14.15,14.5,14.15,14.38,87716783.0,1261079716.0,4989018727.0,0.01758197108487222,600703,1.7692852087756616,三安光电
2026-01-06,14.44,14.95,14.38,14.86,144697187.0,2127966706.0,4989018727.0,0.029003135670129947,600703,3.3379694019471495,三安光电
2026-01-07,14.85,14.97,14.71,14.75,105984012.0,1570999172.0,4989018727.0,0.021243458443326063,600703,-0.7402422611036297,三安光电
2026-01-08,14.61,14.92,14.6,14.87,77535519.0,1147055847.0,4989018727.0,0.015541236311739344,600703,0.8135593220338855,三安光电
2026-01-09,15.29,15.91,15.12,15.39,228430615.0,3537663773.0,4989018727.0,0.04578668221142558,600703,3.49697377269671,三安光电
2026-01-12,15.65,15.98,15.51,15.8,187227548.0,2956283680.0,4989018727.0,0.03752793048996707,600703,2.6640675763482724,三安光电
2026-01-13,15.01,15.13,14.35,14.43,281582114.0,4139104787.0,4989018727.0,0.056440380244738256,600703,-8.670886075949369,三安光电
2026-01-14,14.36,14.67,14.15,14.38,141849112.0,2052710615.0,4989018727.0,0.02843226689696088,600703,-0.34650034650034467,三安光电
2026-01-15,14.3,14.38,14.15,14.35,81566748.0,1161845622.0,4989018727.0,0.016349256730300504,600703,-0.20862308762170656,三安光电
2026-01-16,14.45,15.79,14.38,15.79,324420696.0,4980862039.0,4989018727.0,0.06502695494893058,600703,10.034843205574905,三安光电
2026-01-19,15.93,15.94,15.37,15.66,237230893.0,3705340398.0,4989018727.0,0.0475506118500084,600703,-0.8233058898036716,三安光电
2026-01-20,15.66,15.8,15.22,15.4,135413885.0,2091694477.0,4989018727.0,0.02714238859580853,600703,-1.6602809706257937,三安光电
2026-01-21,15.25,16.12,15.21,15.9,226497346.0,3594280560.0,4989018727.0,0.045399177352095754,600703,3.2467532467532534,三安光电
2026-01-22,16.01,16.03,15.41,15.64,163661182.0,2551362157.0,4989018727.0,0.03280428295734477,600703,-1.6352201257861632,三安光电
2026-01-23,15.61,16.75,15.61,16.54,273129988.0,4496112951.0,4989018727.0,0.05474623426884563,600703,5.754475703324791,三安光电
2026-01-26,16.98,17.37,16.14,16.3,235021937.0,3890071511.0,4989018727.0,0.04710784822836765,600703,-1.4510278113663788,三安光电
2026-01-27,16.07,16.98,15.62,16.85,256080881.0,4218290538.0,4989018727.0,0.05132890754931817,600703,3.3742331288343586,三安光电
2026-01-28,16.86,17.16,16.43,16.57,166442735.0,2782331959.0,4989018727.0,0.033361818046348655,600703,-1.6617210682492667,三安光电
2026-01-29,16.35,17.04,16.2,16.27,160243399.0,2651260211.0,4989018727.0,0.03211922178860164,600703,-1.8105009052504561,三安光电
2026-01-30,16.12,16.45,15.63,16.16,143778726.0,2294434181.0,4989018727.0,0.028819039147294827,600703,-0.6760909649661917,三安光电
2026-02-02,16.02,16.75,15.72,15.73,128287218.0,2075282833.0,4989018727.0,0.025713917910494946,600703,-2.6608910891089077,三安光电
2026-02-03,15.98,16.45,15.86,16.22,121010130.0,1960914658.0,4989018727.0,0.02425529680718715,600703,3.1150667514303843,三安光电
2026-02-04,16.06,16.7,15.9,16.5,139794118.0,2290349288.0,4989018727.0,0.028020363452125403,600703,1.7262638717632672,三安光电
2026-02-05,16.22,16.8,16.01,16.42,116652689.0,1900057632.0,4989018727.0,0.023381890384313243,600703,-0.48484848484847687,三安光电
2026-02-06,16.13,16.19,14.83,15.38,206811987.0,3182564746.0,4989018727.0,0.04145343970764374,600703,-6.333739342265532,三安光电
2026-02-09,15.67,16.04,15.65,15.94,131387817.0,2087477161.0,4989018727.0,0.026335402649211182,600703,3.641092327698292,三安光电
2026-02-10,16.03,16.25,15.8,15.86,81940055.0,1309649317.0,4989018727.0,0.0164240824666682,600703,-0.5018820577164407,三安光电
2026-02-11,16.02,16.44,15.8,15.83,90608342.0,1456778623.0,4989018727.0,0.01816155580046994,600703,-0.1891551071878883,三安光电
2026-02-12,15.83,15.96,15.67,15.71,70994728.0,1120184179.0,4989018727.0,0.01423019873944041,600703,-0.7580543272267759,三安光电
2026-02-13,15.71,16.4,15.65,15.91,114323794.0,1839645207.0,4989018727.0,0.022915086163395753,600703,1.2730744748567835,三安光电
2026-02-24,16.2,16.2,15.56,15.68,87367614.0,1381365342.0,4989018727.0,0.017511983574480576,600703,-1.4456316781898182,三安光电
2026-02-25,15.83,15.88,15.41,15.58,100407418.0,1563595557.0,4989018727.0,0.020125684727661276,600703,-0.6377551020408156,三安光电
2026-02-26,15.6,16.39,15.59,16.18,169464855.0,2736105096.0,4989018727.0,0.03396757243721607,600703,3.8510911424903593,三安光电
2026-02-27,15.94,16.95,15.64,16.7,211702213.0,3471343258.0,4989018727.0,0.042433637671931715,600703,3.213844252163156,三安光电
2026-03-02,16.33,16.64,16.04,16.26,149480433.0,2436555490.0,4989018727.0,0.029961890539923004,600703,-2.6347305389221476,三安光电
2026-03-03,16.26,16.44,14.65,14.7,210786286.0,3224056270.0,4989018727.0,0.04225004906460837,600703,-9.594095940959424,三安光电
2026-03-04,14.5,15.02,14.38,14.66,83702181.0,1235154015.0,4989018727.0,0.01677728338581159,600703,-0.2721088435374108,三安光电
2026-03-05,15.98,16.13,15.97,16.13,79449015.0,1280844286.0,4989018727.0,0.015924777866643595,600703,10.027285129604358,三安光电
2026-03-06,17.08,17.3,16.33,16.97,481849826.0,8105731502.0,4989018727.0,0.09658208404636441,600703,5.207687538747674,三安光电
2026-03-09,16.32,16.55,15.71,16.38,262794548.0,4241215220.0,4989018727.0,0.05267459642470089,600703,-3.4767236299351745,三安光电
2026-03-10,16.5,16.5,15.9,16.11,190315789.0,3072165698.0,4989018727.0,0.03814693818847235,600703,-1.6483516483516425,三安光电
2026-03-11,16.15,17.42,16.05,17.04,327210971.0,5518782567.0,4989018727.0,0.06558623827751368,600703,5.772811918063314,三安光电
2026-03-12,17.05,18.74,17.0,18.74,435418844.0,7968259055.0,4989018727.0,0.08727544790392605,600703,9.97652582159625,三安光电
2026-03-13,18.39,18.77,18.08,18.14,340581561.0,6247031443.0,4989018727.0,0.06826624224856312,600703,-3.2017075773745907,三安光电
2026-03-16,17.98,18.16,17.5,17.8,202353126.0,3595649733.0,4989018727.0,0.0405597046378856,600703,-1.8743109151047377,三安光电
2026-03-17,18.17,18.2,16.5,16.56,283975177.0,4841719103.0,4989018727.0,0.05692004631354834,600703,-6.966292134831475,三安光电
2026-03-18,16.62,17.07,16.48,16.87,185291138.0,3103288011.0,4989018727.0,0.037139796047913294,600703,1.8719806763285218,三安光电
2026-03-19,16.41,16.98,16.1,16.6,159894354.0,2643312277.0,4989018727.0,0.032049259132797,600703,-1.6004742145820927,三安光电
2026-03-20,16.88,17.66,16.54,16.54,234744080.0,4011237694.0,4989018727.0,0.04705215451078422,600703,-0.3614457831325413,三安光电
2026-03-23,14.89,14.89,14.89,14.89,29251700.0,435557813.0,4989018727.0,0.005863217117565251,600703,-9.975816203143884,三安光电
2026-03-24,14.0,14.29,13.4,13.85,468611142.0,6399825742.0,4989018727.0,0.09392851934267754,600703,-6.9845533915379505,三安光电
2026-03-25,13.63,14.31,13.62,13.96,325109770.0,4530682620.0,4989018727.0,0.06516507309153663,600703,0.7942238267148127,三安光电
2026-03-26,13.95,14.01,12.84,12.91,318636612.0,4233008831.0,4989018727.0,0.0638675918924848,600703,-7.521489971346707,三安光电
2026-03-27,12.51,12.72,12.16,12.56,225985924.0,2811618655.0,4989018727.0,0.04529666781505348,600703,-2.71107668474051,三安光电
2026-03-30,11.93,12.3,11.45,12.17,297418592.0,3533061884.0,4989018727.0,0.059614647343455444,600703,-3.1050955414012815,三安光电
2026-03-31,12.17,12.28,11.63,11.67,194715775.0,2313754611.0,4989018727.0,0.03902887234041044,600703,-4.108463434675436,三安光电
2026-04-01,11.89,12.02,11.71,11.85,149576424.0,1773256042.0,4989018727.0,0.029981130996865068,600703,1.5424164524421524,三安光电
2026-04-02,11.81,11.97,11.33,11.4,146294728.0,1696998147.0,4989018727.0,0.029323347136034912,600703,-3.797468354430378,三安光电
2026-04-03,11.5,12.08,11.43,11.65,228422503.0,2694764058.0,4989018727.0,0.04578505624037919,600703,2.1929824561403466,三安光电
2026-04-07,11.73,12.34,11.72,12.02,204767553.0,2467459349.0,4989018727.0,0.0410436529115077,600703,3.1759656652360357,三安光电
2026-04-08,12.3,12.42,12.05,12.41,221243074.0,2713644061.0,4989018727.0,0.04434600992829667,600703,3.2445923460898474,三安光电
2026-04-09,11.7,12.07,11.35,11.84,324258328.0,3826124412.0,4989018727.0,0.0649944098716549,600703,-4.593070104754238,三安光电
2026-04-10,11.85,12.25,11.71,11.94,285859213.0,3424182247.0,4989018727.0,0.05729768289963767,600703,0.8445945945945832,三安光电
2026-04-13,11.9,12.59,11.85,12.45,300511107.0,3716395609.0,4989018727.0,0.06023451172345139,600703,4.271356783919589,三安光电
2026-04-14,12.3,12.59,12.1,12.22,256359948.0,3147251290.0,4989018727.0,0.05138484379956507,600703,-1.8473895582329258,三安光电
2026-04-15,12.36,12.47,12.08,12.14,197030750.0,2414271262.0,4989018727.0,0.03949288643349685,600703,-0.6546644844517169,三安光电
2026-04-16,12.09,12.14,11.9,12.13,146487537.0,1764029013.0,4989018727.0,0.029361993813979123,600703,-0.08237232289950436,三安光电
2026-04-17,12.13,13.34,12.09,13.34,428926929.0,5553381293.0,4989018727.0,0.08597420704770989,600703,9.975267930750187,三安光电
2026-04-20,13.5,13.92,13.34,13.65,437150241.0,5958971553.0,4989018727.0,0.0876224894956182,600703,2.3238380809595283,三安光电
2026-04-21,13.64,14.11,13.36,13.58,272347621.0,3718250212.0,4989018727.0,0.05458941645700501,600703,-0.512820512820511,三安光电
2026-04-22,13.59,14.94,13.59,14.94,213855996.0,3119929849.0,4989018727.0,0.04286534240543852,600703,10.014727540500722,三安光电
2026-04-23,15.9,16.06,15.19,15.51,542264223.0,8476803087.0,4989018727.0,0.10869155893629501,600703,3.81526104417671,三安光电
2026-04-24,15.35,15.94,15.0,15.11,355345492.0,5463748731.0,4989018727.0,0.07122552779305293,600703,-2.5789813023855634,三安光电
2026-04-27,14.98,15.46,14.54,14.73,299420167.0,4435807144.0,4989018727.0,0.060015843472298915,600703,-2.5148908007941673,三安光电
2026-04-28,14.52,14.68,13.92,13.99,237375606.0,3368203939.0,4989018727.0,0.047579618155239686,600703,-5.02376103190767,三安光电
2026-04-29,13.8,14.27,13.79,13.94,176255829.0,2481864018.0,4989018727.0,0.03532875674451242,600703,-0.35739814152967453,三安光电
2026-04-30,13.97,14.05,13.58,13.67,163049652.0,2232622649.0,4989018727.0,0.03268170775098395,600703,-1.9368723098995622,三安光电
2026-05-06,14.06,15.04,14.06,14.68,329183457.0,4840306130.0,4989018727.0,0.06598160380086303,600703,7.38844184345282,三安光电
2026-05-07,14.68,15.25,14.61,15.14,302006543.0,4521672074.0,4989018727.0,0.06053425724092296,600703,3.133514986376018,三安光电
2026-05-08,14.95,15.45,14.77,15.28,245560577.0,3726440304.0,4989018727.0,0.04922021552475924,600703,0.9247027741083214,三安光电
2026-05-11,15.62,16.33,15.6,16.04,369735268.0,5911499811.0,4989018727.0,0.07410981762787038,600703,4.973821989528804,三安光电
